Ticker,AMD,AMD,AMD,AMD,AMD,AMD,PLTR,PLTR,PLTR,PLTR,PLTR,PLTR,TSLA,TSLA,TSLA,TSLA,TSLA,TSLA,NVDA,NVDA,NVDA,NVDA,NVDA,NVDA,NFLX,NFLX,NFLX,NFLX,NFLX,NFLX
Price,Open,High,Low,Close,Adj Close,Volume,Open,High,Low,Close,Adj Close,Volume,Open,High,Low,Close,Adj Close,Volume,Open,High,Low,Close,Adj Close,Volume,Open,High,Low,Close,Adj Close,Volume
Date,,,,,,,,,,,,,,,,,,,,,,,,,,,,,,
2025-08-01,170.16000366210938,174.39999389648438,166.82000732421875,171.6999969482422,171.6999969482422,75396100,155.0500030517578,158.19000244140625,151.05799865722656,154.27000427246094,154.27000427246094,61287000,306.2099914550781,309.30999755859375,297.82000732421875,302.6300048828125,302.6300048828125,89121400,174.08999633789062,176.5399932861328,170.88999938964844,173.72000122070312,173.4889373779297,204529000,116.3010025024414,117.85099792480469,115.28500366210938,115.86000061035156,115.86000061035156,38910000
2025-08-04,174.61000061035156,177.86000061035156,173.55999755859375,176.77999877929688,176.77999877929688,52951000,158.52999877929688,161.39999389648438,157.92999267578125,160.66000366210938,160.66000366210938,82993600,309.0799865722656,312.1199951171875,303.0,309.260009765625,309.260009765625,78683900,175.16000366210938,180.1999969482422,174.52000427246094,180.0,179.76058959960938,148174600,116.76499938964844,117.69999694824219,116.26200103759766,117.0989990234375,117.0989990234375,22447000
2025-08-05,177.57000732421875,177.99000549316406,171.8000030517578,174.30999755859375,174.30999755859375,88808500,171.80999755859375,176.3300018310547,169.22000122070312,173.27000427246094,173.27000427246094,130917500,308.95001220703125,312.45001220703125,305.5,308.7200012207031,308.7200012207031,57961300,179.6199951171875,180.25999450683594,175.89999389648438,178.25999450683594,178.02288818359375,156407600,117.0999984741211,117.1709976196289,114.47100067138672,114.78700256347656,114.78700256347656,26607000
2025-08-06,165.0500030517578,166.17999267578125,157.8000030517578,163.1199951171875,163.1199951171875,133641800,171.1750030517578,180.58099365234375,171.00999450683594,179.5399932861328,179.5399932861328,82924800,307.8900146484375,320.4700012207031,306.92999267578125,319.9100036621094,319.9100036621094,78523600,176.3300018310547,179.89999389648438,176.25,179.4199981689453,179.1813507080078,137192300,115.35199737548828,118.13800048828125,115.18699645996094,117.8479995727539,117.8479995727539,33622000
2025-08-07,166.83999633789062,175.75,166.6999969482422,172.39999389648438,172.39999389648438,95448300,181.00999450683594,184.47999572753906,178.1699981689453,182.1999969482422,182.1999969482422,77829200,319.7900085449219,322.3999938964844,316.1600036621094,322.2699890136719,322.2699890136719,66658700,181.57000732421875,183.8800048828125,178.8000030517578,180.77000427246094,180.52957153320312,151878400,118.1760025024414,119.12200164794922,116.81999969482422,118.03700256347656,118.03700256347656,26283000
2025-08-08,174.0399932861328,176.47999572753906,170.52000427246094,172.75999450683594,172.75999450683594,68866700,184.73500061035156,187.99000549316406,184.41000366210938,186.9600067138672,186.9600067138672,62657900,321.42999267578125,335.1499938964844,320.9800109863281,329.6499938964844,329.6499938964844,91200300,181.5500030517578,183.3000030517578,180.39999389648438,182.6999969482422,182.45700073242188,123396700,118.31900024414062,121.41100311279297,118.03700256347656,121.16400146484375,121.16400146484375,38167000
2025-08-11,170.0399932861328,178.82000732421875,169.3800048828125,172.27999877929688,172.27999877929688,70651000,186.47000122070312,187.17999267578125,181.9199981689453,182.67999267578125,182.67999267578125,56125600,335.0,346.6400146484375,334.1499938964844,339.0299987792969,339.0299987792969,105320200,182.0500030517578,183.83999633789062,180.25,182.05999755859375,181.8178253173828,138323200,121.4010009765625,122.30699920654297,120.19300079345703,121.83100128173828,121.83100128173828,24556000
2025-08-12,173.32000732421875,175.16000366210938,168.5,174.9499969482422,174.9499969482422,52243500,184.6999969482422,190.0,182.10000610351562,186.97000122070312,186.97000122070312,54819000,345.0,345.260009765625,332.94000244140625,340.8399963378906,340.8399963378906,80522100,182.9600067138672,184.47999572753906,179.4600067138672,183.16000366210938,182.9163818359375,145485700,122.5,123.1989974975586,120.6510009765625,122.52799987792969,122.52799987792969,22788000
2025-08-13,179.91000366210938,186.64999389648438,179.3800048828125,184.4199981689453,184.4199981689453,108305100,189.0,189.4600067138672,183.58999633789062,184.3699951171875,184.3699951171875,53610000,341.5,348.9800109863281,338.20001220703125,339.3800048828125,339.3800048828125,67838900,182.6199951171875,183.97000122070312,179.35000610351562,181.58999633789062,181.3484649658203,179871700,123.4000015258789,123.71199798583984,120.30000305175781,120.44400024414062,120.44400024414062,27624000
2025-08-14,179.8300018310547,185.44000244140625,179.55999755859375,180.9499969482422,180.9499969482422,66308800,182.41000366210938,185.3300018310547,179.1999969482422,181.02000427246094,181.02000427246094,53472900,335.760009765625,340.4700012207031,330.3999938964844,335.5799865722656,335.5799865722656,75000700,179.75,183.02000427246094,179.4600067138672,182.02000427246094,181.7778778076172,129554000,120.98899841308594,124.40899658203125,120.7030029296875,123.05599975585938,123.05599975585938,39047000
2025-08-15,180.05999755859375,180.13999938964844,176.25,177.50999450683594,177.50999450683594,51543100,179.72500610351562,180.0,173.3800048828125,177.1699981689453,177.1699981689453,60288700,337.6600036621094,339.29998779296875,327.0199890136719,330.55999755859375,330.55999755859375,74319800,181.8800048828125,181.89999389648438,178.0399932861328,180.4499969482422,180.20997619628906,156602200,123.40399932861328,124.69400024414062,122.78800201416016,123.8949966430664,123.8949966430664,27678000
2025-08-18,176.75999450683594,178.8000030517578,174.36000061035156,176.13999938964844,176.13999938964844,35937500,175.27000427246094,177.89999389648438,171.38999938964844,174.02999877929688,174.02999877929688,62656600,329.6199951171875,336.2699890136719,329.5899963378906,335.1600036621094,335.1600036621094,56956600,180.60000610351562,182.94000244140625,180.58999633789062,182.00999450683594,181.76788330078125,132008000,123.56300354003906,125.11599731445312,123.54499816894531,124.50900268554688,124.50900268554688,21111000
2025-08-19,173.10000610351562,173.1699981689453,166.10000610351562,166.5500030517578,166.5500030517578,64455000,171.36000061035156,172.3000030517578,156.89999389648438,157.75,157.75,137922700,335.7900085449219,340.54998779296875,327.8500061035156,329.30999755859375,329.30999755859375,75956000,182.42999267578125,182.5,175.49000549316406,175.63999938964844,175.4063720703125,185229200,124.0199966430664,124.0999984741211,119.27899932861328,121.41500091552734,121.41500091552734,37077000
2025-08-20,164.10000610351562,166.64999389648438,158.25,165.1999969482422,165.1999969482422,60233200,152.3000030517578,156.4600067138672,142.33999633789062,156.00999450683594,156.00999450683594,220336400,329.2200012207031,331.3699951171875,314.6000061035156,323.8999938964844,323.8999938964844,77481800,175.1699981689453,176.0,168.8000030517578,175.39999389648438,175.16668701171875,215142700,121.80000305175781,122.30000305175781,119.33100128173828,121.38600158691406,121.38600158691406,24344000
2025-08-21,165.86000061035156,165.8800048828125,162.25999450683594,163.7100067138672,163.7100067138672,37880500,157.1699981689453,157.97000122070312,153.80999755859375,156.17999267578125,156.17999267578125,94678600,322.0799865722656,324.8999938964844,318.67999267578125,320.1099853515625,320.1099853515625,55744400,174.85000610351562,176.89999389648438,173.80999755859375,174.97999572753906,174.7472381591797,140040900,121.14299774169922,122.13999938964844,119.76399993896484,120.62100219726562,120.62100219726562,20472000
2025-08-22,162.1699981689453,168.52999877929688,161.8000030517578,167.75999450683594,167.75999450683594,43998600,155.31500244140625,163.1999969482422,151.77000427246094,158.74000549316406,158.74000549316406,102099200,321.6600036621094,340.25,319.69000244140625,340.010009765625,340.010009765625,94016300,172.61000061035156,178.58999633789062,171.1999969482422,177.99000549316406,177.75326538085938,172789400,120.88800048828125,121.36199951171875,119.822998046875,120.46499633789062,120.46499633789062,31281000
2025-08-25,165.5500030517578,165.58999633789062,161.72000122070312,163.36000061035156,163.36000061035156,36134700,156.10000610351562,158.58999633789062,149.3699951171875,157.1699981689453,157.1699981689453,86879800,338.8999938964844,349.5299987792969,335.0299987792969,346.6000061035156,346.6000061035156,86670000,178.35000610351562,181.91000366210938,176.57000732421875,179.80999755859375,179.57083129882812,163012800,120.16500091552734,123.37999725341797,119.9000015258789,121.80699920654297,121.80699920654297,28120000
2025-08-26,168.64999389648438,169.77000427246094,164.91000366210938,166.6199951171875,166.6199951171875,52138600,155.38999938964844,162.1300048828125,154.57000732421875,160.8699951171875,160.8699951171875,86573700,344.92999267578125,351.8999938964844,343.7200012207031,351.6700134277344,351.6700134277344,76651600,180.05999755859375,182.38999938964844,178.80999755859375,181.77000427246094,181.52822875976562,168688200,122.02100372314453,123.1500015258789,121.22000122070312,122.60900115966797,122.60900115966797,19857000
2025-08-27,166.0399932861328,167.67999267578125,164.64999389648438,167.1300048828125,167.1300048828125,37031000,162.32000732421875,162.39999389648438,155.97999572753906,156.72000122070312,156.72000122070312,76380600,351.94000244140625,355.3900146484375,349.1600036621094,349.6000061035156,349.6000061035156,65519000,181.97999572753906,182.49000549316406,179.10000610351562,181.60000610351562,181.35845947265625,235518900,122.36100006103516,122.9209976196289,121.30000305175781,122.3499984741211,122.3499984741211,16645000
2025-08-28,168.5,170.99000549316406,166.64999389648438,168.5800018310547,168.5800018310547,36285200,157.6300048828125,158.22999572753906,152.5500030517578,158.1199951171875,158.1199951171875,57885200,350.9100036621094,353.54998779296875,340.260009765625,345.9800109863281,345.9800109863281,67903200,180.82000732421875,184.47000122070312,176.41000366210938,180.1699981689453,179.93035888671875,281787800,122.27899932861328,123.78900146484375,121.427001953125,123.1449966430664,123.1449966430664,19503000
2025-08-29,166.80999755859375,168.57000732421875,161.89999389648438,162.6300048828125,162.6300048828125,37516800,156.97999572753906,158.4199981689453,153.0,156.7100067138672,156.7100067138672,45270500,347.2300109863281,348.75,331.70001220703125,333.8699951171875,333.8699951171875,81145700,178.11000061035156,178.14999389648438,173.14999389648438,174.17999267578125,173.94830322265625,243257900,122.7969970703125,122.87899780273438,120.11499786376953,120.82499694824219,120.82499694824219,32098000
2025-09-02,158.4199981689453,162.38999938964844,156.6199951171875,162.32000732421875,162.32000732421875,38656100,151.1999969482422,158.38999938964844,150.27999877929688,157.08999633789062,157.08999633789062,65435000,328.2300109863281,333.3299865722656,325.6000061035156,329.3599853515625,329.3599853515625,58392000,170.0,172.3800048828125,167.22000122070312,170.77999877929688,170.55284118652344,231164900,119.69999694824219,121.54000091552734,118.27999877929688,121.41100311279297,121.41100311279297,23033000
2025-09-03,161.80999755859375,164.75,160.5800018310547,162.1300048828125,162.1300048828125,30752800,158.0,161.14999389648438,152.7100067138672,154.89999389648438,154.89999389648438,66052300,335.20001220703125,343.3299865722656,328.510009765625,334.0899963378906,334.0899963378906,88733300,171.05999755859375,172.41000366210938,168.8800048828125,170.6199951171875,170.39306640625,164424900,120.51399993896484,122.69999694824219,120.33799743652344,122.61799621582031,122.61799621582031,24715000
2025-09-04,159.94000244140625,162.0500030517578,157.7899932861328,161.7899932861328,161.7899932861328,32103500,154.86500549316406,157.0399932861328,153.16000366210938,156.13999938964844,156.13999938964844,53292300,336.1499938964844,338.8900146484375,331.4800109863281,338.5299987792969,338.5299987792969,60711000,170.57000732421875,171.86000061035156,169.41000366210938,171.66000366210938,171.4316864013672,141670100,122.31999969482422,125.74800109863281,122.30899810791016,125.74800109863281,125.74800109863281,30235000
2025-09-05,157.1199951171875,157.13999938964844,150.17999267578125,151.13999938964844,151.13999938964844,78256000,157.82000732421875,158.97000122070312,148.0399932861328,153.11000061035156,153.11000061035156,81855900,348.0,355.8699951171875,344.67999267578125,350.8399963378906,350.8399963378906,108989800,168.02999877929688,169.02999877929688,164.07000732421875,167.02000427246094,166.79786682128906,224441400,126.0,126.70999908447266,123.9020004272461,124.38200378417969,124.38200378417969,23797000
2025-09-08,151.8000030517578,152.63999938964844,149.22000122070312,151.41000366210938,151.41000366210938,41849000,154.91000366210938,158.3000030517578,154.83999633789062,156.10000610351562,156.10000610351562,47643000,354.6400146484375,358.44000244140625,344.8399963378906,346.3999938964844,346.3999938964844,75208300,167.5500030517578,170.9600067138672,167.35000610351562,168.30999755859375,168.08612060546875,163769100,124.85399627685547,125.2040023803711,123.19999694824219,124.47599792480469,124.47599792480469,19151000
2025-09-09,151.99000549316406,156.66000366210938,151.92999267578125,155.82000732421875,155.82000732421875,42802500,157.25,162.75,156.3699951171875,162.36000061035156,162.36000061035156,61359500,348.44000244140625,350.7699890136719,343.82000732421875,346.9700012207031,346.9700012207031,53816000,169.08999633789062,170.97999572753906,166.74000549316406,170.75999450683594,170.53285217285156,157548400,124.66699981689453,126.5719985961914,124.66699981689453,126.32499694824219,126.32499694824219,22197000
2025-09-10,163.5399932861328,164.52999877929688,158.0,159.5399932861328,159.5399932861328,52465300,166.0,169.0,163.44000244140625,166.74000549316406,166.74000549316406,62211400,350.54998779296875,356.3299865722656,346.07000732421875,347.7900085449219,347.7900085449219,72121700,176.63999938964844,179.2899932861328,175.47000122070312,177.3300018310547,177.09413146972656,226852000,126.39700317382812,126.69999694824219,124.63600158691406,124.77100372314453,124.77100372314453,27010000
2025-09-11,158.6199951171875,160.2100067138672,154.99000549316406,155.6699981689453,155.6699981689453,48817700,167.24000549316406,167.45799255371094,163.22000122070312,164.36000061035156,164.36000061035156,42025500,350.1700134277344,368.989990234375,347.6000061035156,368.80999755859375,368.80999755859375,103756000,179.67999267578125,180.27999877929688,176.47999572753906,177.1699981689453,176.9443359375,151159300,125.0999984741211,125.34500122070312,119.19999694824219,120.3499984741211,120.3499984741211,56823000
2025-09-12,157.0,160.41000366210938,154.9199981689453,158.57000732421875,158.57000732421875,42232800,165.35000610351562,171.52999877929688,164.00999450683594,171.42999267578125,171.42999267578125,54498500,370.94000244140625,396.69000244140625,370.239990234375,395.94000244140625,395.94000244140625,168156400,177.77000427246094,178.60000610351562,176.4499969482422,177.82000732421875,177.59349060058594,124911000,120.30599975585938,121.1780014038086,118.23999786376953,118.84400177001953,118.84400177001953,37849000
2025-09-15,160.00999450683594,162.3000030517578,157.60000610351562,161.16000366210938,161.16000366210938,36808700,169.60000610351562,171.8000030517578,167.41000366210938,171.2100067138672,171.2100067138672,45396100,423.1300048828125,425.70001220703125,402.42999267578125,410.0400085449219,410.0400085449219,163823700,175.6699981689453,178.85000610351562,174.50999450683594,177.75,177.52359008789062,147061600,118.83999633789062,120.7239990234375,117.32099914550781,120.22599792480469,120.22599792480469,29093000
2025-09-16,161.3699951171875,161.9499969482422,159.22000122070312,160.4600067138672,160.4600067138672,27946500,171.0399932861328,171.30999755859375,168.9600067138672,170.25999450683594,170.25999450683594,34598700,414.5,423.25,411.42999267578125,421.6199951171875,421.6199951171875,104285700,177.0,177.5,174.3800048828125,174.8800048828125,174.65724182128906,140737800,120.56400299072266,120.9000015258789,119.72799682617188,120.0510025024414,120.0510025024414,24047000
2025-09-17,159.27999877929688,161.6300048828125,155.75999450683594,159.16000366210938,159.16000366210938,41823800,169.02000427246094,169.67999267578125,161.27000427246094,168.3300018310547,168.3300018310547,69255500,415.75,428.30999755859375,409.6700134277344,425.8599853515625,425.8599853515625,106133500,172.63999938964844,173.1999969482422,168.41000366210938,170.2899932861328,170.0730743408203,211843800,122.10199737548828,123.39299774169922,120.66100311279297,122.8499984741211,122.8499984741211,34598000
2025-09-18,150.9600067138672,158.77000427246094,149.85000610351562,157.9199981689453,157.9199981689453,84549500,170.27000427246094,178.8000030517578,169.38999938964844,176.97000122070312,176.97000122070312,70768600,428.8699951171875,432.2200012207031,416.55999755859375,416.8500061035156,416.8500061035156,90454500,173.97999572753906,177.10000610351562,172.9600067138672,176.24000549316406,176.01551818847656,191763300,122.08200073242188,123.30000305175781,120.55000305175781,120.77799987792969,120.77799987792969,31691000
2025-09-19,157.3800048828125,159.83999633789062,155.89999389648438,157.38999938964844,157.38999938964844,55448100,177.07000732421875,184.4199981689453,176.7100067138672,182.38999938964844,182.38999938964844,109129900,421.82000732421875,429.4700012207031,421.7200012207031,426.07000732421875,426.07000732421875,93131000,175.77000427246094,178.0800018310547,175.17999267578125,176.6699981689453,176.4449462890625,237182100,121.86199951171875,122.99500274658203,120.80999755859375,122.6969985961914,122.6969985961914,49476000
2025-09-22,157.4199981689453,162.67999267578125,157.4199981689453,159.7899932861328,159.7899932861328,46505500,180.8800048828125,182.25,178.2899932861328,179.3300018310547,179.3300018310547,45916700,431.1099853515625,444.9800109863281,429.1300048828125,434.2099914550781,434.2099914550781,97108800,175.3000030517578,184.5500030517578,174.7100067138672,183.61000061035156,183.37611389160156,269637000,122.19000244140625,122.97599792480469,121.42400360107422,122.73699951171875,122.73699951171875,25468000
2025-09-23,160.52000427246094,163.38999938964844,159.2100067138672,160.89999389648438,160.89999389648438,39448300,182.50999450683594,185.75,177.00999450683594,182.5500030517578,182.5500030517578,62354800,439.8800048828125,440.9700012207031,423.7200012207031,425.8500061035156,425.8500061035156,83422700,181.97000122070312,182.4199981689453,176.2100067138672,178.42999267578125,178.2027130126953,192559600,122.73300170898438,122.77899932861328,120.84700012207031,121.84700012207031,121.84700012207031,24991000
2025-09-24,162.97999572753906,165.10000610351562,158.42999267578125,160.8800048828125,160.8800048828125,38464100,183.91000366210938,184.85000610351562,177.1199951171875,179.55999755859375,179.55999755859375,45379700,429.8299865722656,444.2099914550781,429.0299987792969,442.7900085449219,442.7900085449219,93133600,179.77000427246094,179.77999877929688,175.39999389648438,176.97000122070312,176.74456787109375,143564100,121.86100006103516,122.1500015258789,119.41999816894531,120.3949966430664,120.3949966430664,27731000
2025-09-25,157.13999938964844,161.6300048828125,154.77999877929688,161.27000427246094,161.27000427246094,36809900,175.8000030517578,184.32000732421875,174.2899932861328,179.1199951171875,179.1199951171875,72321200,435.239990234375,435.3500061035156,419.0799865722656,423.3900146484375,423.3900146484375,96746400,174.47999572753906,180.25999450683594,173.1300048828125,177.69000244140625,177.4636688232422,191586700,120.30899810791016,121.68399810791016,119.1510009765625,120.8239974975586,120.8239974975586,19978000
2025-09-26,160.52000427246094,162.11000061035156,157.0500030517578,159.4600067138672,159.4600067138672,30316900,179.0500030517578,180.1199951171875,174.91000366210938,177.57000732421875,177.57000732421875,44275800,428.29998779296875,440.4700012207031,421.0199890136719,440.3999938964844,440.3999938964844,101628200,178.1699981689453,179.77000427246094,174.92999267578125,178.19000244140625,177.96302795410156,148573700,120.54199981689453,121.4000015258789,120.0,121.06099700927734,121.06099700927734,19450000
2025-09-29,160.1199951171875,164.3000030517578,159.89999389648438,161.36000061035156,161.36000061035156,39828800,179.63999938964844,181.47999572753906,177.16000366210938,178.86000061035156,178.86000061035156,38413800,444.3500061035156,450.9800109863281,439.5,443.2099914550781,443.2099914550781,79491500,180.42999267578125,184.0,180.32000732421875,181.85000610351562,181.61837768554688,193063500,120.5,122.4489974975586,118.75399780273438,120.64099884033203,120.64099884033203,30332000
2025-09-30,160.7899932861328,162.27999877929688,159.3300018310547,161.7899932861328,161.7899932861328,29669300,178.97999572753906,182.77000427246094,178.22000122070312,182.4199981689453,182.4199981689453,43561700,441.5199890136719,445.0,433.1199951171875,444.7200012207031,444.7200012207031,74358000,182.0800018310547,187.35000610351562,181.47999572753906,186.5800018310547,186.3423309326172,236981000,120.64099884033203,120.8499984741211,117.80000305175781,119.89199829101562,119.89199829101562,38303000
2025-10-01,160.92999267578125,164.17999267578125,160.49000549316406,164.00999450683594,164.00999450683594,39895200,181.32000732421875,186.27999877929688,179.5,184.9499969482422,184.9499969482422,45717300,443.79998779296875,462.2900085449219,440.75,459.4599914550781,459.4599914550781,98122300,185.24000549316406,188.13999938964844,183.89999389648438,187.24000549316406,187.00149536132812,173844900,117.54900360107422,117.91400146484375,116.32099914550781,117.08999633789062,117.08999633789062,41102000
2025-10-02,168.67999267578125,171.05999755859375,166.1199951171875,169.72999572753906,169.72999572753906,55475200,186.6999969482422,188.1999969482422,182.9499969482422,187.0500030517578,187.0500030517578,39849200,470.5400085449219,470.75,435.57000732421875,436.0,436.0,137009000,189.60000610351562,191.0500030517578,188.05999755859375,188.88999938964844,188.64939880371094,136805800,116.1500015258789,116.33300018310547,113.4000015258789,116.25299835205078,116.25299835205078,46855000
2025-10-03,170.67999267578125,170.67999267578125,163.13999938964844,164.6699981689453,164.6699981689453,42699100,186.39999389648438,186.83999633789062,170.77000427246094,173.07000732421875,173.07000732421875,105533400,443.2900085449219,446.7699890136719,416.5799865722656,429.8299865722656,429.8299865722656,133188200,189.19000244140625,190.36000061035156,185.3800048828125,187.6199951171875,187.38101196289062,137596900,116.5,116.80000305175781,114.3219985961914,115.33200073242188,115.33200073242188,31374000
2025-10-06,226.4499969482422,226.7100067138672,203.00999450683594,203.7100067138672,203.7100067138672,248859600,179.17999267578125,182.9499969482422,177.8300018310547,179.52999877929688,179.52999877929688,52504200,440.75,453.54998779296875,436.69000244140625,453.25,453.25,85324900,185.5,187.22999572753906,183.3300018310547,185.5399932861328,185.30364990234375,157678100,116.03700256347656,116.35800170898438,114.54499816894531,116.33100128173828,116.33100128173828,29686000
2025-10-07,214.85000610351562,218.89999389648438,209.27999877929688,211.50999450683594,211.50999450683594,115748100,180.30999755859375,186.17999267578125,179.4199981689453,182.1699981689453,182.1699981689453,58179300,447.82000732421875,452.67999267578125,432.45001220703125,433.0899963378906,433.0899963378906,102296100,186.22999572753906,189.05999755859375,184.0,185.0399932861328,184.80429077148438,140088000,117.77899932861328,120.13700103759766,117.74600219726562,119.10600280761719,119.10600280761719,33091000
2025-10-08,212.9499969482422,235.8699951171875,210.6999969482422,235.55999755859375,235.55999755859375,159983500,182.8000030517578,184.25999450683594,181.1999969482422,183.55999755859375,183.55999755859375,36299700,437.57000732421875,441.3299865722656,425.2300109863281,438.69000244140625,438.69000244140625,71192100,186.57000732421875,189.60000610351562,186.5399932861328,189.11000061035156,188.86911010742188,130168900,119.71099853515625,121.73899841308594,119.19999694824219,121.42500305175781,121.42500305175781,28514000
2025-10-09,236.3000030517578,240.10000610351562,229.52999877929688,232.88999938964844,232.88999938964844,94290700,183.5800018310547,187.6199951171875,179.9499969482422,185.47000122070312,185.47000122070312,45050300,431.80999755859375,436.3500061035156,426.17999267578125,435.5400085449219,435.5400085449219,69339900,192.22999572753906,195.3000030517578,191.05999755859375,192.57000732421875,192.32470703125,182997200,121.42500305175781,123.75,121.18199920654297,123.10700225830078,123.10700225830078,28241000
2025-10-10,232.77000427246094,234.22000122070312,213.1999969482422,214.89999389648438,214.89999389648438,118656600,185.1699981689453,187.10000610351562,173.52999877929688,175.44000244140625,175.44000244140625,55194000,436.5400085449219,443.1300048828125,411.45001220703125,413.489990234375,413.489990234375,112107900,193.50999450683594,195.6199951171875,182.0500030517578,183.16000366210938,182.92669677734375,268774400,122.9000015258789,124.69999694824219,121.91000366210938,122.00800323486328,122.00800323486328,42798000
2025-10-13,220.1999969482422,224.19000244140625,214.89999389648438,216.4199981689453,216.4199981689453,63104000,178.67999267578125,179.22000122070312,173.4499969482422,177.2100067138672,177.2100067138672,41332400,423.5299987792969,436.8900146484375,419.70001220703125,435.8999938964844,435.8999938964844,79552800,187.97000122070312,190.11000061035156,185.9600067138672,188.32000732421875,188.0801239013672,153482800,122.13500213623047,123.11199951171875,120.68099975585938,121.90299987792969,121.90299987792969,24608000
2025-10-14,219.1999969482422,224.97999572753906,215.89999389648438,218.08999633789062,218.08999633789062,71216300,176.0,182.33999633789062,170.82000732421875,179.74000549316406,179.74000549316406,49261400,426.7900085449219,434.20001220703125,417.8599853515625,429.239990234375,429.239990234375,72669400,184.77000427246094,184.8000030517578,179.6999969482422,180.02999877929688,179.8006591796875,205641400,121.4749984741211,122.42900085449219,120.30999755859375,121.53500366210938,121.53500366210938,23624000
2025-10-15,222.7100067138672,239.24000549316406,220.75999450683594,238.60000610351562,238.60000610351562,108481000,181.65499877929688,184.35000610351562,176.02000427246094,179.6199951171875,179.6199951171875,37372100,434.8999938964844,440.510009765625,426.3299865722656,435.1499938964844,435.1499938964844,71558200,184.8000030517578,184.8699951171875,177.2899932861328,179.8300018310547,179.60093688964844,214450500,121.3010025024414,121.96199798583984,120.16100311279297,120.3290023803711,120.3290023803711,20252000
2025-10-16,236.2899932861328,241.1999969482422,232.24000549316406,234.55999755859375,234.55999755859375,69726400,181.77999877929688,184.82000732421875,176.4499969482422,178.1199951171875,178.1199951171875,42870900,434.7300109863281,439.3500061035156,421.30999755859375,428.75,428.75,77189900,182.22999572753906,183.27999877929688,179.77000427246094,181.80999755859375,181.5784149169922,179723300,121.21499633789062,121.6709976196289,117.5999984741211,118.35900115966797,118.35900115966797,28326000
2025-10-17,233.25999450683594,235.3800048828125,227.91000366210938,233.0800018310547,233.0800018310547,55804200,177.75,181.58999633789062,173.9499969482422,178.14999389648438,178.14999389648438,43421500,425.5,441.4599914550781,423.6000061035156,439.30999755859375,439.30999755859375,89331600,180.17999267578125,184.10000610351562,179.75,183.22000122070312,182.9866180419922,173135200,118.36000061035156,120.31199645996094,117.8949966430664,119.93599700927734,119.93599700927734,29571000
2025-10-20,236.47000122070312,242.8800048828125,234.39999389648438,240.55999755859375,240.55999755859375,56741700,179.49000549316406,183.08999633789062,177.44000244140625,181.58999633789062,181.58999633789062,31975800,443.8699951171875,449.79998779296875,440.6099853515625,447.42999267578125,447.42999267578125,63719000,183.1300048828125,185.1999969482422,181.72999572753906,182.63999938964844,182.4073486328125,128544700,120.78800201416016,124.7760009765625,120.69000244140625,123.85600280761719,123.85600280761719,39862000
2025-10-21,239.38999938964844,242.25999450683594,234.02000427246094,238.02999877929688,238.02999877929688,47122400,182.05999755859375,182.38900756835938,178.64999389648438,181.50999450683594,181.50999450683594,27528100,445.760009765625,449.29998779296875,442.04998779296875,442.6000061035156,442.6000061035156,54412200,182.7899932861328,182.7899932861328,179.8000030517578,181.16000366210938,180.92922973632812,124240200,124.28299713134766,124.86000061035156,123.1760025024414,124.13500213623047,124.13500213623047,65082000
2025-10-22,236.85000610351562,240.1300048828125,224.8800048828125,230.22999572753906,230.22999572753906,59668800,181.92999267578125,182.2100067138672,169.4199981689453,175.49000549316406,175.49000549316406,58263100,443.45001220703125,445.5400085449219,429.0,438.9700012207031,438.9700012207031,84023500,181.13999938964844,183.44000244140625,176.75999450683594,180.27999877929688,180.05035400390625,162249600,114.29000091552734,115.76000213623047,111.2509994506836,111.63700103759766,111.63700103759766,147890000
2025-10-23,230.16000366210938,235.89999389648438,228.5399932861328,234.99000549316406,234.99000549316406,39024400,175.44500732421875,181.55999755859375,175.00999450683594,180.47999572753906,180.47999572753906,35812300,420.0,449.3999938964844,413.8999938964844,448.9800109863281,448.9800109863281,126709800,180.4199981689453,183.02999877929688,179.7899932861328,182.16000366210938,181.92796325683594,111363700,112.69000244140625,112.78299713134766,109.9729995727539,111.35900115966797,111.35900115966797,68497000
2025-10-24,243.36000061035156,253.38999938964844,241.9499969482422,252.9199981689453,252.9199981689453,71221100,182.8800048828125,186.1699981689453,182.85000610351562,184.6300048828125,184.6300048828125,34813500,446.8299865722656,451.67999267578125,430.1700134277344,433.7200012207031,433.7200012207031,94727800,183.83999633789062,187.47000122070312,183.5,186.25999450683594,186.02272033691406,131296700,111.0999984741211,111.45099639892578,109.44100189208984,109.46900177001953,109.46900177001953,60280000
2025-10-27,257.8800048828125,260.4200134277344,249.8000030517578,259.6700134277344,259.6700134277344,65613100,188.97000122070312,192.8300018310547,187.52000427246094,189.17999267578125,189.17999267578125,47153100,439.9800109863281,460.1600036621094,438.69000244140625,452.4200134277344,452.4200134277344,105867500,189.99000549316406,192.0,188.42999267578125,191.49000549316406,191.24607849121094,153452700,110.06700134277344,110.22799682617188,108.7300033569336,109.45600128173828,109.45600128173828,46911000
2025-10-28,259.1400146484375,264.5799865722656,257.0,258.010009765625,258.010009765625,47448700,189.47999572753906,191.77999877929688,186.77999877929688,189.60000610351562,189.60000610351562,38201000,454.7799987792969,467.0,451.6000061035156,460.54998779296875,460.54998779296875,80185700,193.0500030517578,203.14999389648438,191.91000366210938,201.02999877929688,200.77394104003906,297986200,109.4000015258789,111.697998046875,109.3010025024414,110.25,110.25,40209000
2025-10-29,264.19000244140625,267.0799865722656,257.3999938964844,264.3299865722656,264.3299865722656,49335600,191.0800018310547,199.85000610351562,190.49000549316406,198.80999755859375,198.80999755859375,65537300,462.5,465.70001220703125,452.6499938964844,461.510009765625,461.510009765625,67983500,207.97999572753906,212.19000244140625,204.77999877929688,207.0399932861328,206.77627563476562,308829600,109.98400115966797,110.8550033569336,109.5999984741211,110.04100036621094,110.04100036621094,33995000
2025-10-30,259.9200134277344,263.8800048828125,252.30999755859375,254.83999633789062,254.83999633789062,45162500,198.4250030517578,199.6699981689453,194.1199951171875,194.5500030517578,194.5500030517578,43541700,451.04998779296875,455.05999755859375,439.6099853515625,440.1000061035156,440.1000061035156,72447900,205.14999389648438,206.16000366210938,201.41000366210938,202.88999938964844,202.63156127929688,178864400,109.44000244140625,110.61599731445312,108.81099700927734,108.9000015258789,108.9000015258789,41581000
2025-10-31,259.6000061035156,262.1300048828125,253.41000366210938,256.1199951171875,256.1199951171875,34449200,199.1999969482422,204.17999267578125,197.9199981689453,200.47000122070312,200.47000122070312,52697600,446.75,458.0,443.69000244140625,456.55999755859375,456.55999755859375,83135800,206.4499969482422,207.97000122070312,202.07000732421875,202.49000549316406,202.23207092285156,179802200,110.53900146484375,113.48799896240234,110.197998046875,111.88600158691406,111.88600158691406,68665000
2025-11-03,259.3299865722656,260.9100036621094,253.88999938964844,259.6499938964844,259.6499938964844,36351400,205.0449981689453,207.52000427246094,201.82000732421875,207.17999267578125,207.17999267578125,81016800,455.989990234375,474.07000732421875,453.79998779296875,468.3699951171875,468.3699951171875,84595200,208.0800018310547,211.33999633789062,205.55999755859375,206.8800048828125,206.61647033691406,180267300,113.3239974975586,113.3499984741211,107.51499938964844,110.00900268554688,110.00900268554688,58634000
2025-11-04,250.35000610351562,257.3800048828125,247.38999938964844,250.0500030517578,250.0500030517578,56491800,192.07000732421875,195.6999969482422,185.55999755859375,190.74000549316406,190.74000549316406,121380900,454.4599914550781,460.2200012207031,443.6000061035156,444.260009765625,444.260009765625,87756600,203.0,203.97000122070312,197.92999267578125,198.69000244140625,198.43690490722656,188919300,109.9990005493164,110.45999908447266,108.66799926757812,109.2959976196289,109.2959976196289,38718000
2025-11-05,243.24000549316406,259.6499938964844,242.80999755859375,256.3299865722656,256.3299865722656,67366600,189.0,190.32000732421875,181.2100067138672,187.89999389648438,187.89999389648438,76121000,452.04998779296875,466.3299865722656,440.7099914550781,462.07000732421875,462.07000732421875,85573000,198.77000427246094,202.9199981689453,194.64999389648438,195.2100067138672,194.9613494873047,171350300,108.5,110.08499908447266,107.33699798583984,109.84600067138672,109.84600067138672,35539000
2025-11-06,253.47000122070312,253.50999450683594,235.74000549316406,237.6999969482422,237.6999969482422,66049700,187.99000549316406,191.08999633789062,174.52999877929688,175.0500030517578,175.0500030517578,78468600,461.9599914550781,467.45001220703125,435.0899963378906,445.9100036621094,445.9100036621094,109622900,196.4199981689453,197.6199951171875,186.3800048828125,188.0800018310547,187.84042358398438,223029800,109.45800018310547,110.37000274658203,108.51300048828125,109.7020034790039,109.7020034790039,36532000
2025-11-07,230.94000244140625,235.8699951171875,224.63999938964844,233.5399932861328,233.5399932861328,52162600,173.14999389648438,178.6999969482422,168.91000366210938,177.92999267578125,177.92999267578125,73989700,437.9200134277344,439.3599853515625,421.8800048828125,429.5199890136719,429.5199890136719,103471500,184.89999389648438,188.32000732421875,178.91000366210938,188.14999389648438,187.91033935546875,264942300,109.41799926757812,110.8219985961914,108.75,110.36599731445312,110.36599731445312,44125000
2025-11-10,242.13999938964844,248.89999389648438,240.5,243.97999572753906,243.97999572753906,43361600,184.30999755859375,194.92999267578125,183.52000427246094,193.61000061035156,193.61000061035156,87764200,439.6000061035156,449.6700134277344,433.3599853515625,445.2300109863281,445.2300109863281,76515900,195.11000061035156,199.94000244140625,193.7899932861328,199.0500030517578,198.7964630126953,198897100,110.6719970703125,112.81999969482422,110.40499877929688,112.00700378417969,112.00700378417969,36929000
2025-11-11,241.66000366210938,248.4600067138672,234.63999938964844,237.52000427246094,237.52000427246094,61336800,190.3350067138672,192.9250030517578,187.1300048828125,190.9600067138672,190.9600067138672,49819700,439.3999938964844,442.489990234375,432.3599853515625,439.6199951171875,439.6199951171875,60533200,195.16000366210938,195.4199981689453,191.3000030517578,193.16000366210938,192.91395568847656,176483300,111.76000213623047,113.9219970703125,111.27999877929688,113.64399719238281,113.64399719238281,27966000
2025-11-12,253.1300048828125,263.510009765625,250.0,258.8900146484375,258.8900146484375,108942000,190.5800018310547,190.5800018310547,180.39999389648438,184.1699981689453,184.1699981689453,55347100,442.1499938964844,442.3299865722656,426.55999755859375,430.6000061035156,430.6000061035156,58513500,195.72000122070312,195.88999938964844,191.1300048828125,193.8000030517578,193.5531463623047,154935300,113.81700134277344,116.43399810791016,112.82599639892578,115.75,115.75,39221000
2025-11-13,251.89999389648438,259.6300048828125,246.05999755859375,247.9600067138672,247.9600067138672,63178600,181.71499633789062,182.6999969482422,170.7310028076172,172.13999938964844,172.13999938964844,63188800,423.1300048828125,424.5,396.3399963378906,401.989990234375,401.989990234375,118948000,191.0500030517578,191.44000244140625,183.85000610351562,186.86000061035156,186.62196350097656,207423100,115.8499984741211,116.73300170898438,114.56900024414062,115.4229965209961,115.4229965209961,40144000
2025-11-14,240.11000061035156,253.44000244140625,235.0800018310547,246.80999755859375,246.80999755859375,47655600,166.97500610351562,177.2899932861328,164.5,174.00999450683594,174.00999450683594,62596800,386.29998779296875,412.19000244140625,382.7799987792969,404.3500061035156,404.3500061035156,105506700,182.86000061035156,191.00999450683594,180.5800018310547,190.1699981689453,189.92774963378906,186591900,114.27300262451172,114.27300262451172,110.72100067138672,111.21700286865234,111.21700286865234,47607000
2025-11-17,242.75,248.77000427246094,237.14999389648438,240.52000427246094,240.52000427246094,37942200,170.52999877929688,174.24000549316406,167.67999267578125,171.25,171.25,50339000,398.739990234375,423.9599914550781,398.739990234375,408.9200134277344,408.9200134277344,102214300,185.97000122070312,189.0,184.32000732421875,186.60000610351562,186.3623046875,173628900,110.75,111.8499984741211,109.55000305175781,110.29000091552734,110.29000091552734,26082700
2025-11-18,236.77999877929688,238.0,224.7100067138672,230.2899932861328,230.2899932861328,45619900,168.3699951171875,172.8300018310547,165.5,167.3300018310547,167.3300018310547,53710100,405.3800048828125,408.8999938964844,393.7099914550781,401.25,401.25,80688600,183.3800048828125,184.8000030517578,179.64999389648438,181.36000061035156,181.1289825439453,213598900,110.29000091552734,115.25,109.19999694824219,114.08999633789062,114.08999633789062,43440600
2025-11-19,230.25999450683594,235.27999877929688,219.7100067138672,223.5500030517578,223.5500030517578,52093400,167.8000030517578,169.60000610351562,162.4199981689453,165.4199981689453,165.4199981689453,46108200,406.17999267578125,411.7799987792969,398.5,403.989990234375,403.989990234375,72047700,184.7899932861328,187.86000061035156,182.8300018310547,186.52000427246094,186.28240966796875,247246400,113.0,113.33999633789062,108.61000061035156,110.0,110.0,31868100
2025-11-20,232.6999969482422,234.25,204.52999877929688,206.02000427246094,206.02000427246094,66342900,172.07000732421875,174.57000732421875,154.39500427246094,155.7449951171875,155.7449951171875,78443900,414.6300048828125,428.94000244140625,394.739990234375,395.2300109863281,395.2300109863281,113548800,195.9499969482422,196.0,179.85000610351562,180.63999938964844,180.40989685058594,343504800,111.0,111.0999984741211,105.38999938964844,105.66999816894531,105.66999816894531,36918500
2025-11-21,208.80999755859375,208.8300018310547,195.0,203.77999877929688,203.77999877929688,67421100,156.00999450683594,158.11000061035156,147.55999755859375,154.85000610351562,154.85000610351562,71346400,402.32000732421875,402.79998779296875,383.760009765625,391.0899963378906,391.0899963378906,100460600,181.24000549316406,184.55999755859375,172.92999267578125,178.8800048828125,178.6521453857422,346926200,105.12999725341797,106.52999877929688,103.80999755859375,104.30999755859375,104.30999755859375,41232700
2025-11-24,207.16000366210938,217.1300048828125,205.85000610351562,215.0500030517578,215.0500030517578,46749600,157.47000122070312,165.1699981689453,157.0,162.25,162.25,57877800,402.1700134277344,421.7200012207031,401.0899963378906,417.7799987792969,417.7799987792969,96806400,179.49000549316406,183.5,176.47999572753906,182.5500030517578,182.31747436523438,256618300,104.25,108.04000091552734,103.31999969482422,106.97000122070312,106.97000122070312,62918300
2025-11-25,201.47999572753906,206.5800018310547,194.27999877929688,206.1300048828125,206.1300048828125,69773500,160.07000732421875,164.64999389648438,156.55499267578125,163.5500030517578,163.5500030517578,36523500,414.4200134277344,420.4800109863281,405.95001220703125,419.3999938964844,419.3999938964844,71915600,174.91000366210938,178.16000366210938,169.5500030517578,177.82000732421875,177.59349060058594,320600300,106.12000274658203,106.30000305175781,103.81999969482422,104.4000015258789,104.4000015258789,35122600
2025-11-26,210.0500030517578,215.58999633789062,207.0,214.24000549316406,214.24000549316406,43270200,166.85000610351562,168.33900451660156,163.8800048828125,165.77000427246094,165.77000427246094,34610500,423.95001220703125,426.94000244140625,416.8900146484375,426.5799865722656,426.5799865722656,63463000,181.6300048828125,182.91000366210938,178.24000549316406,180.25999450683594,180.03038024902344,183852000,105.73999786376953,106.94999694824219,105.22000122070312,106.13999938964844,106.13999938964844,27951000
2025-11-28,216.13999938964844,218.3000030517578,214.02000427246094,217.52999877929688,217.52999877929688,18658000,167.75999450683594,168.8000030517578,165.875,168.4499969482422,168.4499969482422,17199500,426.5899963378906,432.92999267578125,426.20001220703125,430.1700134277344,430.1700134277344,36252900,179.00999450683594,179.2899932861328,176.5,177.0,176.7745361328125,121332800,106.44000244140625,107.94000244140625,106.23999786376953,107.58000183105469,107.58000183105469,15021600
2025-12-01,213.8800048828125,220.97999572753906,213.5,219.75999450683594,219.75999450683594,30768700,165.0,169.10000610351562,163.1199951171875,167.49000549316406,167.49000549316406,27779600,425.32000732421875,433.6600036621094,425.2900085449219,430.1400146484375,430.1400146484375,57463600,174.75999450683594,180.3000030517578,173.67999267578125,179.9199981689453,179.69082641601562,188131000,106.51000213623047,109.33999633789062,106.30999755859375,109.12999725341797,109.12999725341797,24873400
2025-12-02,221.7899932861328,225.97999572753906,214.38999938964844,215.24000549316406,215.24000549316406,42002500,169.58999633789062,175.75,169.58999633789062,170.69000244140625,170.69000244140625,35368000,430.80999755859375,436.79998779296875,422.1199951171875,429.239990234375,429.239990234375,69336600,181.75999450683594,185.66000366210938,180.0,181.4600067138672,181.22885131835938,182632200,109.20999908447266,109.7300033569336,107.5199966430664,109.3499984741211,109.3499984741211,25763000
2025-12-03,216.25999450683594,218.1999969482422,211.77000427246094,217.60000610351562,217.60000610351562,28545200,170.13999938964844,177.91000366210938,168.8300018310547,176.0800018310547,176.0800018310547,30541600,432.1000061035156,447.9200134277344,431.1099853515625,446.739990234375,446.739990234375,87483000,181.0800018310547,182.4499969482422,179.11000061035156,179.58999633789062,179.36123657226562,165138000,106.58999633789062,106.87000274658203,102.02999877929688,103.95999908447266,103.95999908447266,53593400
2025-12-04,216.8800048828125,219.1199951171875,214.13999938964844,215.97999572753906,215.97999572753906,24478200,176.36500549316406,178.44000244140625,174.42999267578125,177.9199981689453,177.9199981689453,29217800,449.94000244140625,454.6300048828125,445.3900146484375,454.5299987792969,454.5299987792969,71906500,181.6199951171875,184.52000427246094,179.9600067138672,183.3800048828125,183.1566162109375,167364900,103.56999969482422,103.80000305175781,101.7699966430664,103.22000122070312,103.22000122070312,51779100
2025-12-05,217.1699981689453,223.63999938964844,216.24000549316406,217.97000122070312,217.97000122070312,33292400,178.22999572753906,182.1529998779297,177.16000366210938,181.75999450683594,181.75999450683594,32079300,453.0299987792969,458.8699951171875,451.6600036621094,455.0,455.0,56427500,183.88999938964844,184.66000366210938,180.91000366210938,182.41000366210938,182.1877899169922,143971100,98.77999877929688,104.79000091552734,97.73999786376953,100.23999786376953,100.23999786376953,133363600
2025-12-08,219.08999633789062,223.7100067138672,218.36000061035156,221.11000061035156,221.11000061035156,30943200,182.2100067138672,183.8800048828125,179.5399932861328,181.49000549316406,181.49000549316406,30456700,447.45001220703125,449.75,435.25,439.5799865722656,439.5799865722656,69165800,182.63999938964844,188.0,182.39999389648438,185.5500030517578,185.323974609375,204378100,99.87000274658203,99.88999938964844,95.30000305175781,96.79000091552734,96.79000091552734,100906300
2025-12-09,221.0399932861328,224.83999633789062,217.91000366210938,221.6199951171875,221.6199951171875,25166100,180.97000122070312,182.85000610351562,180.3800048828125,181.83999633789062,181.83999633789062,18937600,437.5400085449219,452.3900146484375,435.70001220703125,445.1700134277344,445.1700134277344,62367400,185.55999755859375,185.72000122070312,183.32000732421875,184.97000122070312,184.7446746826172,144719700,97.02999877929688,97.23999786376953,95.44999694824219,96.70999908447266,96.70999908447266,51745600
2025-12-10,222.0,222.61000061035156,218.6699981689453,221.4199981689453,221.4199981689453,23279400,184.9499969482422,190.38999938964844,182.75,187.91000366210938,187.91000366210938,59398000,446.07000732421875,456.8800048828125,443.6099853515625,451.45001220703125,451.45001220703125,63257500,184.97000122070312,185.47999572753906,182.0399932861328,183.77999877929688,183.55612182617188,162785400,96.73999786376953,96.97000122070312,92.3499984741211,92.70999908447266,92.70999908447266,74129300
2025-12-11,217.80999755859375,221.5,210.19000244140625,221.42999267578125,221.42999267578125,30694600,184.8000030517578,188.0500030517578,180.2100067138672,187.5399932861328,187.5399932861328,36843200,448.95001220703125,449.2699890136719,440.3299865722656,446.8900146484375,446.8900146484375,55979500,180.27999877929688,181.32000732421875,176.6199951171875,180.92999267578125,180.70957946777344,182136600,93.9000015258789,94.81999969482422,92.76000213623047,94.08999633789062,94.08999633789062,43949000
2025-12-12,218.3699951171875,222.49000549316406,209.05999755859375,210.77999877929688,210.77999877929688,37073900,185.80999755859375,186.52499389648438,177.66700744628906,183.57000732421875,183.57000732421875,42427400,448.0899963378906,463.010009765625,441.6700134277344,458.9599914550781,458.9599914550781,95656700,181.11000061035156,182.82000732421875,174.6199951171875,175.02000427246094,174.80679321289062,204274900,95.5,96.91999816894531,94.6500015258789,95.19000244140625,95.19000244140625,49323100
2025-12-15,212.27999877929688,215.36000061035156,206.5800018310547,207.5800018310547,207.5800018310547,27222200,185.0800018310547,187.77999877929688,180.02999877929688,183.25,183.25,32796100,469.44000244140625,481.7699890136719,467.6600036621094,475.30999755859375,475.30999755859375,114542200,177.94000244140625,178.4199981689453,175.02999877929688,176.2899932861328,176.0752410888672,164775600,96.0199966430664,96.37000274658203,93.52999877929688,93.7699966430664,93.7699966430664,40016500
2025-12-16,206.9199981689453,210.22000122070312,205.11000061035156,209.1699981689453,209.1699981689453,23467600,181.65499877929688,188.5,181.14199829101562,187.75,187.75,42070300,472.2099914550781,491.5,465.8299865722656,489.8800048828125,489.8800048828125,107608100,176.25999450683594,178.49000549316406,174.89999389648438,177.72000122070312,177.50350952148438,148588100,93.87999725341797,94.93000030517578,93.31999969482422,94.56999969482422,94.56999969482422,34265000
2025-12-17,210.0399932861328,211.5,197.52999877929688,198.11000061035156,198.11000061035156,31595400,187.71499633789062,187.75,176.5,177.2899932861328,177.2899932861328,50424700,488.2200012207031,495.2799987792969,466.20001220703125,467.260009765625,467.260009765625,106490400,176.10000610351562,176.1300048828125,170.30999755859375,170.94000244140625,170.7317657470703,222775500,95.9800033569336,97.33000183105469,94.45999908447266,94.79000091552734,94.79000091552734,50472800
2025-12-18,203.82000732421875,206.36000061035156,200.5,201.05999755859375,201.05999755859375,29720100,181.50999450683594,187.3300018310547,181.50999450683594,185.69000244140625,185.69000244140625,40221500,478.1600036621094,490.8599853515625,473.1199951171875,483.3699951171875,483.3699951171875,95168400,174.52999877929688,176.14999389648438,171.82000732421875,174.13999938964844,173.9278564453125,176096000,95.0199966430664,95.80999755859375,93.58999633789062,94.0,94.0,37244700
2025-12-19,204.60000610351562,215.17999267578125,204.1999969482422,213.42999267578125,213.42999267578125,58445500,186.74000549316406,195.0,186.72999572753906,193.3800048828125,193.3800048828125,76929400,488.1199951171875,490.489990234375,474.7200012207031,481.20001220703125,481.20001220703125,103305400,176.6699981689453,181.4499969482422,176.33999633789062,180.99000549316406,180.76951599121094,324925900,93.56999969482422,95.54000091552734,93.44999694824219,94.38999938964844,94.38999938964844,78990200
2025-12-22,220.0,220.1699981689453,213.30999755859375,214.9499969482422,214.9499969482422,24950700,195.0399932861328,198.8800048828125,192.42999267578125,193.97999572753906,193.97999572753906,36686000,489.8800048828125,498.8299865722656,485.3299865722656,488.7300109863281,488.7300109863281,86916100,183.9199981689453,184.16000366210938,182.35000610351562,183.69000244140625,183.4662322998047,129064400,94.70999908447266,94.70999908447266,92.91000366210938,93.2300033569336,93.2300033569336,39484800
2025-12-23,212.86000061035156,217.02999877929688,212.27999877929688,214.89999389648438,214.89999389648438,20272300,192.8249969482422,195.3699951171875,191.73500061035156,194.1300048828125,194.1300048828125,24041000,489.3999938964844,491.9700012207031,482.8399963378906,485.55999755859375,485.55999755859375,58223600,182.97000122070312,189.3300018310547,182.89999389648438,189.2100067138672,188.97950744628906,174873600,93.4000015258789,93.80999755859375,91.33000183105469,93.5,93.5,25896200
2025-12-24,214.97999572753906,216.5399932861328,213.97000122070312,215.0399932861328,215.0399932861328,7956800,193.16000366210938,195.1699981689453,192.8300018310547,194.1699981689453,194.1699981689453,11710100,488.4800109863281,490.8999938964844,476.79998779296875,485.3999938964844,485.3999938964844,41285400,187.94000244140625,188.91000366210938,186.58999633789062,188.61000061035156,188.38023376464844,65528500,93.11000061035156,93.68000030517578,92.66999816894531,93.63999938964844,93.63999938964844,12427900
2025-12-26,215.42999267578125,216.8300018310547,213.02999877929688,214.99000549316406,214.99000549316406,15792600,195.01499938964844,196.35000610351562,188.6199951171875,188.7100067138672,188.7100067138672,26262000,485.2300109863281,489.0899963378906,473.82000732421875,475.19000244140625,475.19000244140625,58780700,189.9199981689453,192.69000244140625,188.0,190.52999877929688,190.2978973388672,139740300,93.4800033569336,94.69000244140625,93.2699966430664,94.47000122070312,94.47000122070312,22068300
2025-12-29,211.5800018310547,216.0500030517578,209.24000549316406,215.61000061035156,215.61000061035156,20326900,186.85000610351562,187.1999969482422,183.63999938964844,184.17999267578125,184.17999267578125,28242000,469.0,469.3999938964844,459.0,459.6400146484375,459.6400146484375,66263000,187.7100067138672,188.75999450683594,185.91000366210938,188.22000122070312,187.99070739746094,120006100,93.98999786376953,94.97000122070312,93.62999725341797,94.1500015258789,94.1500015258789,24493700
2025-12-30,215.8699951171875,216.82000732421875,214.3300018310547,215.33999633789062,215.33999633789062,16409600,184.35000610351562,184.72900390625,180.6999969482422,180.83999633789062,180.83999633789062,23336300,461.0899963378906,463.1199951171875,453.8299865722656,454.42999267578125,454.42999267578125,59238500,188.24000549316406,188.99000549316406,186.92999267578125,187.5399932861328,187.31153869628906,97687300,93.5199966430664,93.98999786376953,93.33999633789062,93.77999877929688,93.77999877929688,23422000
2025-12-31,215.82000732421875,217.63999938964844,213.8000030517578,214.16000366210938,214.16000366210938,17591600,181.1300048828125,181.52999877929688,177.25,177.75,177.75,22997400,456.1000061035156,456.54998779296875,449.29998779296875,449.7200012207031,449.7200012207031,49078000,189.57000732421875,190.55999755859375,186.49000549316406,186.5,186.27281188964844,120100500,93.5999984741211,94.30999755859375,93.19999694824219,93.76000213623047,93.76000213623047,23495200
2026-01-02,218.89999389648438,227.14999389648438,218.89999389648438,223.47000122070312,223.47000122070312,36446200,181.3000030517578,181.35000610351562,166.35000610351562,167.86000061035156,167.86000061035156,60634100,457.79998779296875,458.3399963378906,435.29998779296875,438.07000732421875,438.07000732421875,85535400,189.83999633789062,192.92999267578125,188.25999450683594,188.85000610351562,188.6199493408203,148240500,94.12999725341797,94.12999725341797,90.80999755859375,90.98999786376953,90.98999786376953,41155400
2026-01-05,230.25,234.02000427246094,220.47999572753906,221.0800018310547,221.0800018310547,31941100,174.8800048828125,175.82000732421875,171.7899932861328,174.0399932861328,174.0399932861328,39511700,447.989990234375,457.54998779296875,444.57000732421875,451.6700134277344,451.6700134277344,67940800,191.75999450683594,193.6300048828125,186.14999389648438,188.1199951171875,187.89083862304688,183529700,90.91999816894531,92.62999725341797,90.83999633789062,91.45999908447266,91.45999908447266,39183300
2026-01-06,222.7100067138672,222.9199981689453,211.25,214.35000610351562,214.35000610351562,40033200,175.75999450683594,180.19000244140625,174.77000427246094,179.7100067138672,179.7100067138672,34838600,446.3800048828125,448.25,428.7799987792969,432.9599914550781,432.9599914550781,89093800,190.52000427246094,192.1699981689453,186.82000732421875,187.24000549316406,187.0119171142578,176862600,91.54000091552734,91.63999938964844,89.73999786376953,90.6500015258789,90.6500015258789,43331000
2026-01-07,212.1300048828125,212.1300048828125,207.1699981689453,210.02000427246094,210.02000427246094,29715500,179.8000030517578,187.27999877929688,177.66000366210938,181.67999267578125,181.67999267578125,45349000,435.8999938964844,438.3699951171875,431.2900085449219,431.4100036621094,431.4100036621094,59828800,188.57000732421875,191.3699951171875,186.55999755859375,189.11000061035156,188.87962341308594,153543200,91.55999755859375,92.41999816894531,90.05999755859375,90.7300033569336,90.7300033569336,36525700
2026-01-08,210.89999389648438,210.94000244140625,203.3300018310547,204.67999267578125,204.67999267578125,27505000,185.61500549316406,185.66000366210938,174.3699951171875,176.86000061035156,176.86000061035156,47304300,427.8900146484375,436.8900146484375,424.3699951171875,435.79998779296875,435.79998779296875,57041100,189.11000061035156,189.5500030517578,183.7100067138672,185.0399932861328,184.81459045410156,172457000,90.44999694824219,91.25,89.58000183105469,90.52999877929688,90.52999877929688,40068700
2026-01-09,205.72000122070312,207.3000030517578,203.07000732421875,203.1699981689453,203.1699981689453,24217300,177.02000427246094,178.72000122070312,174.75,177.49000549316406,177.49000549316406,31362900,435.95001220703125,449.04998779296875,430.3900146484375,445.010009765625,445.010009765625,67331500,185.0800018310547,186.33999633789062,183.6699981689453,184.86000061035156,184.63479614257812,131327500,90.02999877929688,90.05000305175781,88.31999969482422,89.45999908447266,89.45999908447266,55579500
2026-01-12,201.17999267578125,209.8800048828125,199.8000030517578,207.69000244140625,207.69000244140625,27287300,177.68499755859375,182.5,176.33999633789062,179.41000366210938,179.41000366210938,34954500,441.2300109863281,454.29998779296875,438.0,448.9599914550781,448.9599914550781,61649600,183.22000122070312,187.1199951171875,183.02000427246094,184.94000244140625,184.71470642089844,137968500,89.69000244140625,90.33999633789062,89.33000183105469,89.41000366210938,89.41000366210938,36290600
2026-01-13,215.10000610351562,223.11000061035156,214.97999572753906,220.97000122070312,220.97000122070312,56894900,178.875,181.10000610351562,176.13999938964844,178.9600067138672,178.9600067138672,27769400,450.20001220703125,451.80999755859375,443.95001220703125,447.20001220703125,447.20001220703125,53719200,185.0,188.11000061035156,183.39999389648438,185.80999755859375,185.58364868164062,160128900,89.44000244140625,91.1500015258789,89.06999969482422,90.31999969482422,90.31999969482422,45221100
2026-01-14,217.5399932861328,224.08999633789062,215.11000061035156,223.60000610351562,223.60000610351562,40466500,178.125,181.59800720214844,173.9499969482422,178.39999389648438,178.39999389648438,33651400,442.80999755859375,443.9100036621094,434.2200012207031,439.20001220703125,439.20001220703125,57259500,184.32000732421875,184.4600067138672,180.8000030517578,183.13999938964844,182.91688537597656,159586100,91.23999786376953,91.58000183105469,87.94999694824219,88.55000305175781,88.55000305175781,49737700
2026-01-15,227.89999389648438,238.35000610351562,227.22000122070312,227.9199981689453,227.9199981689453,55270200,178.7100067138672,180.60000610351562,176.52999877929688,177.07000732421875,177.07000732421875,31109200,441.1300048828125,445.3599853515625,437.6499938964844,438.57000732421875,438.57000732421875,49465800,186.5,189.6999969482422,186.3300018310547,187.0500030517578,186.8221435546875,206188600,89.0199966430664,89.88999938964844,87.81999969482422,88.05000305175781,88.05000305175781,36945100
2026-01-16,234.3000030517578,234.49000549316406,228.86000061035156,231.8300018310547,231.8300018310547,42545600,179.36000061035156,182.42999267578125,170.00999450683594,170.9600067138672,170.9600067138672,59483600,439.5,447.25,435.260009765625,437.5,437.5,60220600,189.0800018310547,190.44000244140625,186.0800018310547,186.22999572753906,186.0031280517578,187967200,88.33999633789062,88.51000213623047,87.77999877929688,88.0,88.0,48130500
2026-01-20,226.0800018310547,239.5,225.41000366210938,231.9199981689453,231.9199981689453,44327700,167.625,171.97000122070312,166.24000549316406,168.52999877929688,168.52999877929688,36708500,429.3599853515625,430.7300109863281,417.44000244140625,419.25,419.25,63187300,181.89999389648438,182.3800048828125,177.61000061035156,178.07000732421875,177.8530731201172,223345300,88.97000122070312,89.9000015258789,87.0199966430664,87.26000213623047,87.26000213623047,109729700
2026-01-21,235.99000549316406,252.89999389648438,235.77999877929688,249.8000030517578,249.8000030517578,62385600,168.40199279785156,169.49000549316406,161.11000061035156,165.3300018310547,165.3300018310547,47851200,421.6600036621094,438.20001220703125,419.6199951171875,431.44000244140625,431.44000244140625,68124000,179.0500030517578,185.3800048828125,178.39999389648438,183.32000732421875,183.09669494628906,200381000,82.5199966430664,86.0,81.93000030517578,85.36000061035156,85.36000061035156,127940700
2026-01-22,251.75,256.0799865722656,246.6300048828125,253.72999572753906,253.72999572753906,37945000,168.9250030517578,169.0,164.9499969482422,165.89999389648438,165.89999389648438,28499500,435.1600036621094,449.5,432.6300048828125,449.3599853515625,449.3599853515625,71546700,184.75,186.1699981689453,183.92999267578125,184.83999633789062,184.6148223876953,139636600,85.0199966430664,85.0999984741211,82.9800033569336,83.54000091552734,83.54000091552734,69113300
2026-01-23,261.17999267578125,266.9599914550781,256.25,259.67999267578125,259.67999267578125,47525900,167.27000427246094,172.0,166.3000030517578,169.60000610351562,169.60000610351562,30285700,447.42999267578125,452.42999267578125,444.0400085449219,449.05999755859375,449.05999755859375,56771400,187.5,189.60000610351562,186.82000732421875,187.6699981689453,187.44137573242188,142748100,83.43000030517578,86.30000305175781,83.27999877929688,86.12000274658203,86.12000274658203,64520400
2026-01-26,256.75,258.2900085449219,250.3000030517578,251.30999755859375,251.30999755859375,30672500,168.2100067138672,170.58999633789062,167.3249969482422,167.47000122070312,167.47000122070312,22777200,445.0,445.0400085449219,434.2799987792969,435.20001220703125,435.20001220703125,49397400,187.16000366210938,189.1199951171875,185.99000549316406,186.47000122070312,186.2428436279297,124799600,86.91999816894531,86.94000244140625,85.3499984741211,85.69999694824219,85.69999694824219,40941900
2026-01-27,252.16000366210938,255.5500030517578,247.9600067138672,252.02999877929688,252.02999877929688,25691600,167.47999572753906,169.44000244140625,164.69000244140625,165.6999969482422,165.6999969482422,26542300,437.4100036621094,437.5199890136719,430.69000244140625,430.8999938964844,430.8999938964844,37733100,187.24000549316406,190.0,185.6999969482422,188.52000427246094,188.29034423828125,143711600,85.27999877929688,85.5999984741211,83.87999725341797,85.58000183105469,85.58000183105469,37790800
2026-01-28,254.1300048828125,257.3999938964844,250.2100067138672,252.74000549316406,252.74000549316406,27061200,164.39999389648438,165.0449981689453,157.24000549316406,157.35000610351562,157.35000610351562,44822800,431.9100036621094,438.260009765625,430.1000061035156,431.4599914550781,431.4599914550781,54857400,191.27000427246094,192.35000610351562,189.83999633789062,191.52000427246094,191.2866973876953,148552700,85.62999725341797,86.47000122070312,84.30000305175781,84.63999938964844,84.63999938964844,37762600
2026-01-29,254.66000366210938,260.5299987792969,240.91000366210938,252.17999267578125,252.17999267578125,31685200,157.6300048828125,157.6300048828125,147.1199951171875,151.86000061035156,151.86000061035156,59846800,437.79998779296875,440.2300109863281,414.6199951171875,416.55999755859375,416.55999755859375,81686100,191.33999633789062,193.47999572753906,186.05999755859375,192.50999450683594,192.27548217773438,171764400,84.30999755859375,84.37999725341797,82.3499984741211,83.16000366210938,83.16000366210938,42278100
2026-01-30,236.92999267578125,245.24000549316406,234.5500030517578,236.72999572753906,236.72999572753906,40035700,150.0500030517578,151.0,145.13900756835938,146.58999633789062,146.58999633789062,47271000,425.3500061035156,439.8800048828125,422.70001220703125,430.4100036621094,430.4100036621094,82626100,191.2100067138672,194.49000549316406,189.47000122070312,191.1300048828125,190.8971710205078,179489500,83.0999984741211,84.05999755859375,82.77999877929688,83.48999786376953,83.48999786376953,45755000
2026-02-02,235.77000427246094,249.97000122070312,235.0,246.27000427246094,246.27000427246094,36308100,150.94000244140625,151.39999389648438,146.6540069580078,147.75999450683594,147.75999450683594,72811100,421.2900085449219,427.1499938964844,414.5,421.80999755859375,421.80999755859375,58739500,187.1999969482422,190.3000030517578,184.8800048828125,185.61000061035156,185.38389587402344,165794100,83.52999877929688,85.2699966430664,82.72000122070312,82.76000213623047,82.76000213623047,41445300
2026-02-03,251.5500030517578,252.64999389648438,237.0399932861328,242.11000061035156,242.11000061035156,53097100,165.0500030517578,165.0780029296875,153.1199951171875,157.8800048828125,157.8800048828125,113169200,424.2699890136719,428.55999755859375,413.69000244140625,421.9599914550781,421.9599914550781,56886500,186.24000549316406,186.27000427246094,176.22999572753906,180.33999633789062,180.12030029296875,204019600,82.2300033569336,82.44999694824219,79.62000274658203,79.94000244140625,79.94000244140625,49789000
2026-02-04,215.0,218.5800018310547,199.14999389648438,200.19000244140625,200.19000244140625,107173300,155.41000366210938,155.85000610351562,135.67999267578125,139.5399932861328,139.5399932861328,113199500,420.4599914550781,423.8999938964844,399.17999267578125,406.010009765625,406.010009765625,74606900,179.4600067138672,179.5800018310547,171.91000366210938,174.19000244140625,173.97779846191406,207014100,79.98999786376953,81.44000244140625,79.2300033569336,80.16000366210938,80.16000366210938,48963200
2026-02-05,201.86000061035156,204.0399932861328,190.72000122070312,192.5,192.5,62196400,136.82000732421875,137.97999572753906,128.32000732421875,130.00999450683594,130.00999450683594,93690800,397.0199890136719,402.1000061035156,387.5299987792969,397.2099914550781,397.2099914550781,72819800,174.92999267578125,176.82000732421875,171.02999877929688,171.8800048828125,171.6706085205078,206312900,81.48999786376953,83.30000305175781,80.54000091552734,80.87000274658203,80.87000274658203,54805700
2026-02-06,197.1300048828125,209.27000427246094,196.42999267578125,208.44000244140625,208.44000244140625,54504500,135.3300018310547,137.68699645996094,132.35000610351562,135.89999389648438,135.89999389648438,62661400,400.8699951171875,414.54998779296875,397.75,411.1099853515625,411.1099853515625,62677100,176.69000244140625,187.0,174.60000610351562,185.41000366210938,185.1841278076172,231346200,81.0199966430664,82.48999786376953,80.6500015258789,82.19999694824219,82.19999694824219,46154100
2026-02-09,206.89999389648438,217.60000610351562,204.14999389648438,216.0,216.0,38810800,136.5800018310547,145.8699951171875,134.7760009765625,142.91000366210938,142.91000366210938,58042500,409.9100036621094,421.25,407.2900085449219,417.32000732421875,417.32000732421875,54484300,184.25999450683594,193.66000366210938,183.9499969482422,190.0399932861328,189.80848693847656,196387400,82.18000030517578,82.20999908447266,79.87000274658203,81.47000122070312,81.47000122070312,42200200
2026-02-10,215.13999938964844,219.38999938964844,213.1300048828125,213.57000732421875,213.57000732421875,25326700,144.96499633789062,145.55999755859375,137.77000427246094,139.50999450683594,139.50999450683594,56061300,418.0799865722656,427.25,417.0,425.2099914550781,425.2099914550781,64450200,191.3800048828125,192.47999572753906,188.1199951171875,188.5399932861328,188.31031799316406,136764800,82.72000122070312,84.66000366210938,82.08999633789062,82.20999908447266,82.20999908447266,43595800
2026-02-11,217.8800048828125,219.64999389648438,209.2100067138672,213.5800018310547,213.5800018310547,33384700,139.02499389648438,139.25,132.9499969482422,135.67999267578125,135.67999267578125,52796100,427.9599914550781,436.3500061035156,420.0299987792969,428.2699890136719,428.2699890136719,57362000,192.4499969482422,193.25999450683594,188.77000427246094,190.0500030517578,189.8184814453125,144192700,81.95999908447266,82.4800033569336,79.44999694824219,79.62000274658203,79.62000274658203,40840300
2026-02-12,215.8300018310547,218.4600067138672,205.13999938964844,205.94000244140625,205.94000244140625,32181000,135.36000061035156,135.88999938964844,126.55999755859375,129.1300048828125,129.1300048828125,74090600,430.29998779296875,436.2300109863281,414.0,417.07000732421875,417.07000732421875,61933400,193.02999877929688,193.61000061035156,186.50999450683594,186.94000244140625,186.7122802734375,189932500,79.11000061035156,79.1500015258789,75.2300033569336,75.86000061035156,75.86000061035156,73516100
2026-02-13,204.02000427246094,210.0500030517578,203.8800048828125,207.32000732421875,207.32000732421875,26123900,127.9000015258789,133.55999755859375,126.23300170898438,131.41000366210938,131.41000366210938,49438100,414.30999755859375,424.05999755859375,410.8800048828125,417.44000244140625,417.44000244140625,51434100,187.47999572753906,187.5,181.58999633789062,182.80999755859375,182.58731079101562,161888000,76.13999938964844,77.18000030517578,75.52999877929688,76.87000274658203,76.87000274658203,42292100
2026-02-17,202.14999389648438,205.3000030517578,194.8300018310547,203.0800018310547,203.0800018310547,33712100,128.89500427246094,134.32000732421875,127.29000091552734,133.02000427246094,133.02000427246094,48407100,412.3599853515625,413.7200012207031,400.510009765625,410.6300048828125,410.6300048828125,59678800,181.75,187.14999389648438,179.17999267578125,184.97000122070312,184.7446746826172,162276900,76.91999816894531,77.87000274658203,75.30000305175781,77.0,77.0,35961500
2026-02-18,198.41000366210938,203.1999969482422,195.0,200.1199951171875,200.1199951171875,35664100,135.88999938964844,140.96299743652344,134.8699951171875,135.3800048828125,135.3800048828125,59677100,411.1099853515625,416.8999938964844,409.5799865722656,411.32000732421875,411.32000732421875,45921400,188.75,190.3699951171875,186.75999450683594,187.97999572753906,187.75099182128906,164749100,77.31999969482422,78.31999969482422,76.27999877929688,77.98999786376953,77.98999786376953,29883100
2026-02-19,200.11000061035156,204.10000610351562,198.2899932861328,203.3699951171875,203.3699951171875,25842300,132.30999755859375,136.16000366210938,131.00999450683594,134.88999938964844,134.88999938964844,42197200,407.25,415.25,404.1099853515625,411.7099914550781,411.7099914550781,51019600,187.05999755859375,188.42999267578125,185.66000366210938,187.89999389648438,187.6710968017578,126554500,77.75,78.69999694824219,76.58999633789062,77.0,77.0,30139200
2026-02-20,200.1199951171875,204.8699951171875,198.55999755859375,200.14999389648438,200.14999389648438,36317300,132.36500549316406,136.2100067138672,131.1699981689453,135.24000549316406,135.24000549316406,53726800,408.29998779296875,414.70001220703125,405.5,411.82000732421875,411.82000732421875,57912200,186.57000732421875,190.3300018310547,185.94000244140625,189.82000732421875,189.58877563476562,178422300,76.61000061035156,78.8499984741211,76.4000015258789,78.66999816894531,78.66999816894531,32411300
2026-02-23,198.08999633789062,199.3800048828125,194.14999389648438,196.60000610351562,196.60000610351562,28187900,132.0399932861328,132.0399932861328,127.38999938964844,130.60000610351562,130.60000610351562,52512200,407.2900085449219,407.70001220703125,394.0400085449219,399.8299865722656,399.8299865722656,69680000,191.39999389648438,193.9499969482422,189.5800018310547,191.5500030517578,191.31666564941406,171584800,77.79000091552734,77.83000183105469,75.01000213623047,76.0199966430664,76.0199966430664,38363000
2026-02-24,211.6300048828125,216.7100067138672,206.5,213.83999633789062,213.83999633789062,81367000,129.0050048828125,130.24000549316406,126.37000274658203,128.83999633789062,128.83999633789062,47121400,399.5,410.82000732421875,397.6400146484375,409.3800048828125,409.3800048828125,58579500,191.49000549316406,193.77000427246094,187.39999389648438,192.85000610351562,192.61508178710938,175123600,75.7300033569336,78.12000274658203,75.20999908447266,78.04000091552734,78.04000091552734,33079100
2026-02-25,214.82000732421875,216.6999969482422,210.3300018310547,210.86000061035156,210.86000061035156,44588100,130.61000061035156,136.08999633789062,129.17999267578125,134.19000244140625,134.19000244140625,53078300,412.1499938964844,420.3399963378906,412.1499938964844,417.3999938964844,417.3999938964844,54809700,194.4499969482422,197.6300048828125,193.7899932861328,195.55999755859375,195.32176208496094,250637100,79.43000030517578,83.12000274658203,79.25,82.69999694824219,82.69999694824219,69319300
2026-02-26,208.8000030517578,209.7899932861328,201.4600067138672,203.67999267578125,203.67999267578125,35020500,133.84500122070312,137.50999450683594,132.6300048828125,135.94000244140625,135.94000244140625,45100000,414.4200134277344,416.80999755859375,403.6600036621094,408.5799865722656,408.5799865722656,53602500,194.27000427246094,194.2899932861328,184.32000732421875,184.88999938964844,184.66476440429688,360807900,83.19999694824219,86.5,82.80000305175781,84.58999633789062,84.58999633789062,85642500
2026-02-27,200.11000061035156,201.88999938964844,197.74000549316406,200.2100067138672,200.2100067138672,31312400,134.07000732421875,138.10000610351562,133.97999572753906,137.19000244140625,137.19000244140625,59412400,402.94000244140625,407.1199951171875,398.1099853515625,402.510009765625,402.510009765625,56890100,181.25,182.58999633789062,176.3800048828125,177.19000244140625,176.97415161132812,311636500,94.30000305175781,96.75,90.58000183105469,96.23999786376953,96.23999786376953,200767000
2026-03-02,193.85000610351562,198.74000549316406,190.0,198.6199951171875,198.6199951171875,34120200,140.77499389648438,147.13999938964844,140.52000427246094,145.1699981689453,145.1699981689453,72683900,390.6000061035156,404.5400085449219,388.25,403.32000732421875,403.32000732421875,55088300,175.00999450683594,183.4600067138672,174.63999938964844,182.47999572753906,182.25770568847656,209095300,95.26000213623047,98.06999969482422,95.19999694824219,97.08999633789062,97.08999633789062,79915400
2026-03-03,191.4600067138672,193.63999938964844,188.22000122070312,190.9499969482422,190.9499969482422,37785700,142.10000610351562,147.5,138.1999969482422,147.22000122070312,147.22000122070312,67460200,395.0899963378906,396.3399963378906,385.3900146484375,392.42999267578125,392.42999267578125,62617300,178.49000549316406,180.89999389648438,176.9199981689453,180.0500030517578,179.83065795898438,178099400,96.01000213623047,98.45999908447266,95.33000183105469,97.69999694824219,97.69999694824219,59149000
2026-03-04,192.1199951171875,202.44000244140625,189.86000061035156,202.07000732421875,202.07000732421875,40912600,148.42999267578125,154.52000427246094,148.05999755859375,153.19000244140625,153.19000244140625,60062200,397.8500061035156,408.3299865722656,394.5799865722656,405.94000244140625,405.94000244140625,68305500,180.44000244140625,184.6999969482422,180.05999755859375,183.0399932861328,182.8170166015625,177731200,97.11000061035156,99.75,96.98999786376953,98.66000366210938,98.66000366210938,52604300
2026-03-05,197.77000427246094,203.7899932861328,194.8800048828125,199.4499969482422,199.4499969482422,36000700,152.94000244140625,156.3800048828125,149.61000061035156,152.6699981689453,152.6699981689453,50714500,401.57000732421875,408.6199951171875,399.4200134277344,405.54998779296875,405.54998779296875,51925900,181.1699981689453,184.05999755859375,177.8800048828125,183.33999633789062,183.1166534423828,198779700,98.5,100.19000244140625,98.0999984741211,99.16999816894531,99.16999816894531,53403000
2026-03-06,195.27000427246094,200.24000549316406,191.25,192.42999267578125,192.42999267578125,33913800,150.44000244140625,161.4499969482422,150.2899932861328,157.16000366210938,157.16000366210938,74980900,398.0899963378906,402.3500061035156,394.2099914550781,396.7300109863281,396.7300109863281,64054600,179.83999633789062,182.75999450683594,176.82000732421875,177.82000732421875,177.60337829589844,189021900,99.33000183105469,99.87999725341797,97.4000015258789,99.0199966430664,99.0199966430664,41196300
2026-03-09,189.36000061035156,202.97000122070312,189.02000427246094,202.67999267578125,202.67999267578125,38877200,155.69000244140625,158.44000244140625,152.97000122070312,156.42999267578125,156.42999267578125,47574200,390.04998779296875,401.5899963378906,381.3999938964844,398.67999267578125,398.67999267578125,67018900,176.8300018310547,182.91000366210938,175.55999755859375,182.64999389648438,182.427490234375,177213600,97.69999694824219,98.94000244140625,96.58000183105469,98.31999969482422,98.31999969482422,48589000
2026-03-10,202.50999450683594,206.58999633789062,202.1999969482422,203.22999572753906,203.22999572753906,29139200,155.99000549316406,156.65699768066406,150.13999938964844,151.13999938964844,151.13999938964844,47501400,402.2200012207031,406.5899963378906,398.19000244140625,399.239990234375,399.239990234375,59258700,182.39999389648438,186.44000244140625,182.00999450683594,184.77000427246094,184.544921875,179118500,97.80999755859375,98.48999786376953,96.29000091552734,96.94000244140625,96.94000244140625,41027200
2026-03-11,205.11000061035156,209.2100067138672,203.6300048828125,204.8300018310547,204.8300018310547,23076400,151.3800048828125,153.16900634765625,149.3300018310547,151.60000610351562,151.60000610351562,33955900,402.2799987792969,416.3800048828125,402.1499938964844,407.82000732421875,407.82000732421875,62559900,185.91000366210938,187.6199951171875,184.4499969482422,186.02999877929688,185.8134307861328,145280400,97.41000366210938,98.0,94.69000244140625,94.88999938964844,94.88999938964844,33962900
2026-03-12,202.8300018310547,203.6199951171875,196.6699981689453,197.74000549316406,197.74000549316406,28886900,153.00999450683594,155.8800048828125,150.97999572753906,153.5,153.5,54409800,405.17999267578125,406.5,394.6499938964844,395.010009765625,395.010009765625,60973800,184.0500030517578,184.94000244140625,181.75,183.13999938964844,182.9268035888672,155762700,94.86000061035156,95.4000015258789,93.87000274658203,94.30999755859375,94.30999755859375,34206900
2026-03-13,198.11000061035156,199.67999267578125,192.27000427246094,193.38999938964844,193.38999938964844,27561900,153.3000030517578,154.55999755859375,148.5800018310547,150.9499969482422,150.9499969482422,42460600,399.1700134277344,400.20001220703125,389.95001220703125,391.20001220703125,391.20001220703125,58504100,184.9199981689453,186.08999633789062,179.94000244140625,180.25,180.0401611328125,160988400,94.63999938964844,95.68000030517578,94.23999786376953,95.30999755859375,95.30999755859375,29876700
2026-03-16,194.97999572753906,200.1699981689453,194.8000030517578,196.5800018310547,196.5800018310547,30285200,152.4499969482422,153.86000061035156,151.1699981689453,152.72000122070312,152.72000122070312,32898900,396.2200012207031,403.7300109863281,394.4200134277344,395.55999755859375,395.55999755859375,58068300,182.97000122070312,188.8800048828125,181.41000366210938,183.22000122070312,183.0067138671875,217307400,95.58000183105469,96.0999984741211,94.36000061035156,95.19999694824219,95.19999694824219,34931800
2026-03-17,196.67999267578125,199.2100067138672,195.25999450683594,196.30999755859375,196.30999755859375,22779700,152.40499877929688,156.75,152.1199951171875,155.0800018310547,155.0800018310547,37118500,395.69000244140625,400.1199951171875,393.0,399.2699890136719,399.2699890136719,46890500,185.05999755859375,185.39999389648438,181.67999267578125,181.92999267578125,181.71820068359375,182497800,95.30000305175781,96.33999633789062,94.01000213623047,94.36000061035156,94.36000061035156,26434500
2026-03-18,196.0,202.86000061035156,195.75,199.4600067138672,199.4600067138672,28569100,154.94500732421875,156.69000244140625,152.61000061035156,152.77000427246094,152.77000427246094,32476700,399.0,403.07000732421875,392.30999755859375,392.7799987792969,392.7799987792969,50853100,182.47999572753906,183.3800048828125,180.3300018310547,180.39999389648438,180.1899871826172,156683100,94.44999694824219,95.33999633789062,93.61000061035156,94.69999694824219,94.69999694824219,27878300
2026-03-19,195.02999877929688,205.8800048828125,192.8300018310547,205.27000427246094,205.27000427246094,32245300,153.10000610351562,156.14999389648438,150.5,155.67999267578125,155.67999267578125,33915900,387.2699890136719,387.2699890136719,378.7300109863281,380.29998779296875,380.29998779296875,67078300,178.00999450683594,179.97999572753906,175.7899932861328,178.55999755859375,178.3521270751953,170968500,94.30999755859375,95.75,90.77999877929688,91.73999786376953,91.73999786376953,40169300
2026-03-20,204.88999938964844,206.3000030517578,198.25999450683594,201.3300018310547,201.3300018310547,37265100,155.1999969482422,156.64999389648438,149.08999633789062,150.67999267578125,150.67999267578125,48700200,379.8500061035156,379.8900146484375,364.4599914550781,367.9599914550781,367.9599914550781,78628600,178.0,178.25999450683594,171.72000122070312,172.6999969482422,172.4989471435547,241323500,91.30999755859375,91.87999725341797,90.69000244140625,91.81999969482422,91.81999969482422,61678000
2026-03-23,206.39999389648438,209.11000061035156,201.7100067138672,202.67999267578125,202.67999267578125,31857800,153.24000549316406,161.0800018310547,153.24000549316406,160.83999633789062,160.83999633789062,57507100,373.0899963378906,385.3299865722656,372.7300109863281,380.8500061035156,380.8500061035156,74606000,177.25999450683594,178.3699951171875,174.75999450683594,175.63999938964844,175.43553161621094,182836300,92.04000091552734,93.9800033569336,91.86000061035156,93.37999725341797,93.37999725341797,34315900
2026-03-24,201.38999938964844,206.42999267578125,200.1300048828125,205.3699951171875,205.3699951171875,27258800,160.07000732421875,162.39999389648438,151.63999938964844,154.77999877929688,154.77999877929688,56155700,376.55999755859375,387.4800109863281,376.30999755859375,383.0299987792969,383.0299987792969,60004900,174.8300018310547,176.22000122070312,173.97999572753906,175.1999969482422,174.99603271484375,147667800,92.79000091552734,93.73999786376953,90.81999969482422,90.91999816894531,90.91999816894531,28938000
2026-03-25,211.50999450683594,221.3300018310547,211.50999450683594,220.27000427246094,220.27000427246094,48518300,157.4199981689453,160.27000427246094,154.85499572753906,154.9600067138672,154.9600067138672,38543300,389.989990234375,396.2300109863281,385.010009765625,385.95001220703125,385.95001220703125,55157300,177.10000610351562,181.22000122070312,176.85000610351562,178.67999267578125,178.47198486328125,162602100,91.70999908447266,92.5199966430664,91.23999786376953,92.27999877929688,92.27999877929688,29545600
2026-03-26,217.97999572753906,221.0,203.42999267578125,203.77000427246094,203.77000427246094,49213000,153.05499267578125,153.1199951171875,147.25,147.55999755859375,147.55999755859375,43038400,381.6000061035156,384.44000244140625,371.8699951171875,372.1099853515625,372.1099853515625,55522900,176.07000732421875,176.50999450683594,171.13999938964844,171.24000549316406,171.04066467285156,186152200,91.5199966430664,95.86000061035156,91.01000213623047,93.31999969482422,93.31999969482422,59522000
2026-03-27,201.77000427246094,203.27000427246094,197.69000244140625,201.99000549316406,201.99000549316406,29206600,145.8800048828125,145.9600067138672,141.55999755859375,143.05999755859375,143.05999755859375,35790800,369.69000244140625,369.8599853515625,359.4700012207031,361.8299865722656,361.8299865722656,62065700,170.0,170.97000122070312,167.00999450683594,167.52000427246094,167.32498168945312,196212700,94.56999969482422,95.58000183105469,92.73999786376953,93.43000030517578,93.43000030517578,44590700
2026-03-30,204.9499969482422,208.42999267578125,192.8699951171875,196.0399932861328,196.0399932861328,41053300,143.27000427246094,144.1199951171875,136.3000030517578,137.5500030517578,137.5500030517578,41289800,365.8599853515625,367.2900085449219,352.1400146484375,355.2799987792969,355.2799987792969,67954400,168.77999877929688,169.4499969482422,164.27000427246094,165.1699981689453,164.97772216796875,185627000,92.75,94.48999786376953,92.22000122070312,92.97000122070312,92.97000122070312,32375100
2026-03-31,198.0500030517578,204.0,196.41000366210938,203.42999267578125,203.42999267578125,42318700,140.02000427246094,147.86000061035156,138.97000122070312,146.27999877929688,146.27999877929688,45558600,361.510009765625,373.3299865722656,361.0,371.75,371.75,75534900,166.97000122070312,174.6199951171875,166.9600067138672,174.39999389648438,174.1969757080078,226181300,93.02999877929688,96.26000213623047,93.02999877929688,96.1500015258789,96.1500015258789,54270000
2026-04-01,207.58999633789062,213.8300018310547,205.83999633789062,210.2100067138672,210.2100067138672,40835800,147.0,148.3000030517578,144.47000122070312,146.49000549316406,146.49000549316406,34171000,378.6300048828125,383.1400146484375,374.0799865722656,381.260009765625,381.260009765625,58683800,176.0,177.3699951171875,174.75,175.75,175.54541015625,168132000,96.47000122070312,97.19999694824219,94.26000213623047,95.55000305175781,95.55000305175781,30439300
2026-04-02,204.0500030517578,217.77999877929688,200.6199951171875,217.5,217.5,38463500,143.48500061035156,148.50999450683594,137.99000549316406,148.4600067138672,148.4600067138672,30437000,364.20001220703125,370.2799987792969,359.0299987792969,360.5899963378906,360.5899963378906,83031200,172.17999267578125,177.49000549316406,171.3699951171875,177.38999938964844,177.18348693847656,143143200,95.2699966430664,98.70999908447266,95.16999816894531,98.66000366210938,98.66000366210938,37068000
2026-04-06,219.27999877929688,226.30999755859375,217.72999572753906,220.17999267578125,220.17999267578125,30786400,148.36000061035156,150.61000061035156,146.63099670410156,147.92999267578125,147.92999267578125,25142200,362.5899963378906,367.7200012207031,346.6400146484375,352.82000732421875,352.82000732421875,77697600,177.16000366210938,177.7899932861328,175.75999450683594,177.63999938964844,177.43319702148438,107564300,100.95999908447266,102.69000244140625,97.97000122070312,98.93000030517578,98.93000030517578,37029300
2026-04-07,218.25999450683594,222.10000610351562,215.3800048828125,221.52999877929688,221.52999877929688,26483000,146.8820037841797,150.27000427246094,144.4499969482422,150.07000732421875,150.07000732421875,28671100,346.44000244140625,348.0199890136719,337.239990234375,346.6499938964844,346.6499938964844,74515400,175.72999572753906,178.22999572753906,173.66000366210938,178.10000610351562,177.89266967773438,132534900,98.55000305175781,99.87999725341797,98.25,98.81999969482422,98.81999969482422,25016700
2026-04-08,232.1199951171875,234.0,227.08999633789062,231.82000732421875,231.82000732421875,35496400,154.76499938964844,156.27999877929688,139.1699981689453,140.75999450683594,140.75999450683594,64827700,363.7900085449219,364.5,339.6700134277344,343.25,343.25,78838600,184.5,185.25999450683594,180.3000030517578,182.0800018310547,181.8680419921875,147732700,100.31999969482422,100.4000015258789,97.44000244140625,99.38999938964844,99.38999938964844,30957600
2026-04-09,233.00999450683594,237.10000610351562,230.91000366210938,236.63999938964844,236.63999938964844,27126200,139.39500427246094,139.5399932861328,128.47000122070312,130.49000549316406,130.49000549316406,92361400,343.1499938964844,348.8800048828125,337.25,345.6199951171875,345.6199951171875,62164000,181.83999633789062,184.0800018310547,180.6199951171875,183.91000366210938,183.69590759277344,116428500,99.62999725341797,102.33999633789062,99.08000183105469,102.05000305175781,102.05000305175781,35087800
2026-04-10,239.0,249.5800018310547,238.9600067138672,245.0399932861328,245.0399932861328,36477200,128.47999572753906,129.1999969482422,122.68000030517578,128.05999755859375,128.05999755859375,116656800,346.2900085449219,350.3599853515625,342.739990234375,348.95001220703125,348.95001220703125,51336000,184.30999755859375,190.0,184.3000030517578,188.6300048828125,188.41041564941406,160459500,102.47000122070312,103.08000183105469,101.45999908447266,103.01000213623047,103.01000213623047,25769900
2026-04-13,245.02999877929688,247.3300018310547,242.02999877929688,246.8300018310547,246.8300018310547,22781800,130.22999572753906,134.4199981689453,129.14999389648438,132.3699951171875,132.3699951171875,65772800,350.07000732421875,356.3500061035156,348.57000732421875,352.4200134277344,352.4200134277344,53617500,186.02999877929688,189.66000366210938,185.74000549316406,189.30999755859375,189.08961486816406,133648200,103.02999877929688,103.66999816894531,102.05999755859375,103.16000366210938,103.16000366210938,26042800
2026-04-14,249.7899932861328,255.4600067138672,245.6999969482422,255.07000732421875,255.07000732421875,25733200,134.427001953125,138.07000732421875,134.0,135.6999969482422,135.6999969482422,52786800,357.6700134277344,367.6300048828125,354.7699890136719,364.20001220703125,364.20001220703125,59979600,190.83999633789062,196.50999450683594,190.77000427246094,196.50999450683594,196.28123474121094,161307000,103.12000274658203,106.56999969482422,103.04000091552734,106.27999877929688,106.27999877929688,40534900
2026-04-15,254.9600067138672,258.17999267578125,251.85000610351562,258.1199951171875,258.1199951171875,24695200,136.7899932861328,142.5800018310547,134.92999267578125,142.14999389648438,142.14999389648438,48389400,366.8299865722656,394.6499938964844,362.5,391.95001220703125,391.95001220703125,113810400,196.5399932861328,200.39999389648438,195.74000549316406,198.8699951171875,198.63848876953125,185338400,105.9800033569336,107.8499984741211,105.04000091552734,107.70999908447266,107.70999908447266,38023700
2026-04-16,264.989990234375,279.3399963378906,261.510009765625,278.260009765625,278.260009765625,64850800,144.2899932861328,145.5500030517578,139.52999877929688,142.75999450683594,142.75999450683594,43746000,393.80999755859375,394.05999755859375,381.79998779296875,388.8999938964844,388.8999938964844,63515100,197.42999267578125,199.85000610351562,195.80999755859375,198.35000610351562,198.1190948486328,134012900,107.47000122070312,108.94999694824219,106.62000274658203,107.79000091552734,107.79000091552734,64928300
2026-04-17,281.0,281.04998779296875,274.1400146484375,278.3900146484375,278.3900146484375,35519900,145.31500244140625,148.27999877929688,143.3000030517578,146.38999938964844,146.38999938964844,50657600,395.9200134277344,409.2799987792969,391.6499938964844,400.6199951171875,400.6199951171875,90640000,199.89999389648438,201.6999969482422,199.27000427246094,201.67999267578125,201.44520568847656,160324400,96.37000274658203,98.73999786376953,95.0999984741211,97.30999755859375,97.30999755859375,125958700
2026-04-20,280.6000061035156,287.6099853515625,272.0,274.95001220703125,274.95001220703125,34833900,145.0,147.1999969482422,143.8300018310547,145.88999938964844,145.88999938964844,33482700,402.5799865722656,406.79998779296875,388.3299865722656,392.5,392.5,64603900,199.97999572753906,202.1699981689453,197.83999633789062,202.05999755859375,201.82476806640625,119381400,97.13999938964844,97.5999984741211,93.54000091552734,94.83000183105469,94.83000183105469,63298300
2026-04-21,277.3299865722656,286.20001220703125,276.6199951171875,284.489990234375,284.489990234375,38950900,146.80999755859375,149.8699951171875,143.99899291992188,145.97000122070312,145.97000122070312,44830000,393.0,393.95001220703125,385.2200012207031,386.4200134277344,386.4200134277344,50530600,202.1300048828125,202.75,199.0,199.8800048828125,199.64732360839844,107945300,94.0,94.6500015258789,92.37000274658203,92.58000183105469,92.58000183105469,61962300
2026-04-22,291.2200012207031,304.25,286.1400146484375,303.4599914550781,303.4599914550781,49054200,148.36000061035156,152.67999267578125,147.41000366210938,152.6199951171875,152.6199951171875,43701500,387.57000732421875,393.010009765625,385.29998779296875,387.510009765625,387.510009765625,62362800,200.99000549316406,202.5,199.0,202.5,202.26426696777344,107501000,93.05999755859375,93.8499984741211,92.7699966430664,93.23999786376953,93.23999786376953,33694300
2026-04-23,302.010009765625,310.2200012207031,299.760009765625,305.3299865722656,305.3299865722656,45619700,149.6999969482422,150.2899932861328,139.9199981689453,141.57000732421875,141.57000732421875,58654400,375.2799987792969,386.0,368.3900146484375,373.7200012207031,373.7200012207031,93969500,202.4600067138672,203.8300018310547,197.22000122070312,199.63999938964844,199.4075927734375,113561800,94.05999755859375,94.63999938964844,92.06999969482422,92.81999969482422,92.81999969482422,36851700
2026-04-24,336.760009765625,352.989990234375,334.5400085449219,347.80999755859375,347.80999755859375,81616700,142.9600067138672,143.3300018310547,138.92999267578125,143.08999633789062,143.08999633789062,38677200,373.5,382.760009765625,370.7300109863281,376.29998779296875,376.29998779296875,62893300,199.9600067138672,210.9499969482422,199.80999755859375,208.27000427246094,208.0275421142578,214134400,92.56999969482422,93.27999877929688,91.80000305175781,92.44000244140625,92.44000244140625,32553200
2026-04-27,346.32000732421875,349.2099914550781,328.80999755859375,334.6300048828125,334.6300048828125,50585300,141.25,145.07000732421875,141.00999450683594,143.10000610351562,143.10000610351562,31275400,372.0899963378906,380.7799987792969,364.0199890136719,378.6700134277344,378.6700134277344,66735800,209.64999389648438,216.8300018310547,207.3800048828125,216.61000061035156,216.3578338623047,187172400,92.05000305175781,92.83999633789062,91.30000305175781,91.37000274658203,91.37000274658203,29707400
2026-04-28,311.8599853515625,327.5,310.0,323.2099914550781,323.2099914550781,43002500,142.3000030517578,143.85000610351562,140.4199981689453,141.17999267578125,141.17999267578125,24757200,374.67999267578125,382.2900085449219,372.5400085449219,376.0199890136719,376.0199890136719,50864400,209.49000549316406,214.72999572753906,208.1999969482422,213.1699981689453,212.92184448242188,180275400,91.5,92.33999633789062,90.0199966430664,92.2699966430664,92.2699966430664,33418100
2026-04-29,326.5799865722656,340.1700134277344,318.8599853515625,337.1099853515625,337.1099853515625,44704400,139.75999450683594,139.75999450683594,134.67999267578125,137.97000122070312,137.97000122070312,33348100,375.3999938964844,376.3999938964844,370.0400085449219,372.79998779296875,372.79998779296875,45384800,212.6999969482422,212.72000122070312,207.5800018310547,209.25,209.00640869140625,123711800,91.2300033569336,92.86000061035156,90.86000061035156,92.12000274658203,92.12000274658203,26122100
2026-04-30,341.3599853515625,354.9599914550781,332.6000061035156,354.489990234375,354.489990234375,42115300,138.47500610351562,140.1999969482422,136.64999389648438,139.11000061035156,139.11000061035156,32523600,372.75,384.75,368.1700134277344,381.6300048828125,381.6300048828125,51076000,209.92999267578125,210.3000030517578,198.6999969482422,199.57000732421875,199.33767700195312,225239200,91.3499984741211,94.22000122070312,90.7699966430664,93.61000061035156,93.61000061035156,40923000
2026-05-01,351.8699951171875,362.7900085449219,349.25,360.5400085449219,360.5400085449219,34279200,143.25,146.44000244140625,141.38999938964844,144.07000732421875,144.07000732421875,33219900,382.489990234375,397.82000732421875,378.79998779296875,390.82000732421875,390.82000732421875,65338300,201.27999877929688,203.0,197.1199951171875,198.4499969482422,198.21897888183594,128647000,94.41999816894531,94.69999694824219,91.9000015258789,92.05999755859375,92.05999755859375,30406900
2026-05-04,360.30999755859375,361.8500061035156,338.70001220703125,341.5400085449219,341.5400085449219,42000200,147.75,149.63999938964844,145.22500610351562,146.02999877929688,146.02999877929688,70525900,390.2300109863281,394.6400146484375,384.79998779296875,392.510009765625,392.510009765625,48765100,199.5,201.72999572753906,194.74000549316406,198.47999572753906,198.24893188476562,125368100,92.0999984741211,92.33000183105469,90.88999938964844,91.0199966430664,91.0199966430664,25928800
2026-05-05,351.510009765625,359.57000732421875,344.8800048828125,355.260009765625,355.260009765625,64235100,140.2949981689453,142.97999572753906,134.72000122070312,135.91000366210938,135.91000366210938,89747100,395.19000244140625,402.1199951171875,389.0,389.3699951171875,389.3699951171875,47780600,199.3000030517578,200.24000549316406,196.02999877929688,196.5,196.271240234375,113406600,91.18000030517578,91.27999877929688,87.56999969482422,87.88999938964844,87.88999938964844,51961300
2026-05-06,409.489990234375,430.6000061035156,402.0400085449219,421.3900146484375,421.3900146484375,87732200,133.7100067138672,135.6999969482422,131.14999389648438,133.7899932861328,133.7899932861328,55524800,386.25,401.67999267578125,384.0199890136719,398.7300109863281,398.7300109863281,53465400,199.88999938964844,208.27000427246094,198.61000061035156,207.8300018310547,207.5880584716797,188362800,87.1500015258789,88.55000305175781,86.72000122070312,88.2699966430664,88.2699966430664,41932400
2026-05-07,417.07000732421875,421.7099914550781,401.0799865722656,408.4599914550781,408.4599914550781,44885500,135.10000610351562,140.9499969482422,134.77999877929688,137.0500030517578,137.0500030517578,50184900,407.4800109863281,415.8299865722656,402.1199951171875,411.7900085449219,411.7900085449219,64294200,208.33999633789062,214.1999969482422,206.5,211.5,211.2537841796875,168307900,88.19999694824219,89.4000015258789,88.12999725341797,88.25,88.25,30627600
2026-05-08,418.5899963378906,456.2900085449219,418.2900085449219,455.19000244140625,455.19000244140625,58134900,135.86500549316406,137.8800048828125,133.02000427246094,137.8000030517578,137.8000030517578,41745400,416.4800109863281,431.20001220703125,416.3900146484375,428.3500061035156,428.3500061035156,65050000,213.02999877929688,217.8000030517578,212.88999938964844,215.1999969482422,214.94947814941406,136421400,87.70999908447266,88.04000091552734,87.20999908447266,87.48999786376953,87.48999786376953,36215100
2026-05-11,460.54998779296875,469.2200012207031,450.8800048828125,458.7900085449219,458.7900085449219,46085400,134.91000366210938,137.13999938964844,132.77099609375,136.88999938964844,136.88999938964844,41414500,422.1600036621094,449.1600036621094,416.79998779296875,445.0,445.0,78376100,214.0399932861328,222.3000030517578,213.88999938964844,219.44000244140625,219.18453979492188,160685800,86.52999877929688,87.33999633789062,85.0999984741211,85.44999694824219,85.44999694824219,40556500
2026-05-12,449.25,458.79998779296875,426.1099853515625,448.2900085449219,448.2900085449219,39140100,136.60000610351562,137.42999267578125,133.4600067138672,136.0,136.0,38781100,441.4100036621094,447.79998779296875,422.260009765625,433.45001220703125,433.45001220703125,60569300,218.5500030517578,223.75,214.9199981689453,220.77999877929688,220.52297973632812,159176600,85.91000366210938,89.16999816894531,85.80999755859375,87.66000366210938,87.66000366210938,43556600
2026-05-13,457.0400085449219,459.5,432.6499938964844,445.5,445.5,30423400,134.00599670410156,136.99000549316406,128.75,130.0500030517578,130.0500030517578,55189400,436.6700134277344,453.3999938964844,430.2099914550781,445.2699890136719,445.2699890136719,68283200,224.92999267578125,227.83999633789062,221.57000732421875,225.8300018310547,225.56710815429688,150405400,86.56999969482422,88.62000274658203,86.27999877929688,87.55999755859375,87.55999755859375,30823500
2026-05-14,440.6000061035156,453.30999755859375,435.67999267578125,449.70001220703125,449.70001220703125,26113600,129.64999389648438,134.47999572753906,129.4499969482422,133.72999572753906,133.72999572753906,37052600,446.489990234375,451.9800109863281,441.1600036621094,443.29998779296875,443.29998779296875,46070400,229.85000610351562,236.5399932861328,229.3000030517578,235.74000549316406,235.465576171875,180782900,87.62000274658203,88.5,86.6500015258789,86.94000244140625,86.94000244140625,29408300
2026-05-15,433.3399963378906,439.0,423.3599853515625,424.1000061035156,424.1000061035156,29131600,132.8000030517578,135.63999938964844,132.2899932861328,133.99000549316406,133.99000549316406,32629700,433.9800109863281,434.6600036621094,422.0,422.239990234375,422.239990234375,52688700,229.75999450683594,231.5,224.24000549316406,225.32000732421875,225.05770874023438,180977600,87.69000244140625,89.48999786376953,86.69000244140625,87.0199966430664,87.0199966430664,32335700
2026-05-18,429.5,438.79998779296875,410.7099914550781,420.989990234375,420.989990234375,28432100,132.5,135.93499755859375,131.3300018310547,135.13999938964844,135.13999938964844,32034600,419.2699890136719,421.1300048828125,405.3299865722656,409.989990234375,409.989990234375,52474200,229.8699951171875,230.0,218.3699951171875,222.32000732421875,222.0612030029297,146280900,86.5,89.81999969482422,86.33000183105469,89.6500015258789,89.6500015258789,35800500
2026-05-19,412.6000061035156,428.75,393.3599853515625,414.04998779296875,414.04998779296875,38756900,135.1699981689453,137.47000122070312,133.60000610351562,135.25999450683594,135.25999450683594,29777300,403.1600036621094,405.6300048828125,393.6300048828125,404.1099853515625,404.1099853515625,46500600,219.6199951171875,224.47999572753906,217.91000366210938,220.61000061035156,220.35317993164062,140948200,90.13999938964844,91.4800033569336,88.69000244140625,89.33000183105469,89.33000183105469,34545700
2026-05-20,428.0400085449219,449.3900146484375,426.04998779296875,447.5799865722656,447.5799865722656,36137500,134.14500427246094,137.24000549316406,132.4199981689453,137.14999389648438,137.14999389648438,31307700,407.6000061035156,417.4599914550781,406.3900146484375,417.260009765625,417.260009765625,45294700,223.17999267578125,226.1300048828125,220.5,223.47000122070312,223.20985412597656,184201600,88.5199966430664,88.55000305175781,87.5,88.08999633789062,88.08999633789062,23463400
2026-05-21,441.989990234375,451.20001220703125,431.6000061035156,449.5899963378906,449.5899963378906,27252000,135.8000030517578,138.5500030517578,135.4199981689453,137.4149932861328,137.4149932861328,24311900,422.17999267578125,426.95001220703125,412.8999938964844,417.8500061035156,417.8500061035156,42636900,222.2899932861328,227.39999389648438,217.92999267578125,219.50999450683594,219.25445556640625,203381800,88.02999877929688,90.37000274658203,87.5199966430664,89.30000305175781,89.30000305175781,28613900
2026-05-22,469.8399963378906,481.4100036621094,461.7099914550781,467.510009765625,467.510009765625,34758600,137.4250030517578,139.02000427246094,134.3000030517578,136.8800048828125,136.8800048828125,27578000,422.6700134277344,431.510009765625,420.510009765625,426.010009765625,426.010009765625,46104700,220.89999389648438,221.00999450683594,214.8000030517578,215.3300018310547,215.07933044433594,169275700,89.0999984741211,89.97000122070312,88.16999816894531,88.5999984741211,88.5999984741211,23847200
2026-05-26,484.739990234375,506.9599914550781,480.2300109863281,503.8900146484375,503.8900146484375,38473800,136.16000366210938,138.67999267578125,133.3000030517578,136.60000610351562,136.60000610351562,31723900,430.260009765625,435.20001220703125,426.1199951171875,433.5899963378906,433.5899963378906,45658900,216.5399932861328,218.17999267578125,212.0,214.86000061035156,214.60987854003906,187202600,88.4000015258789,88.7300033569336,87.25,87.68000030517578,87.68000030517578,24014500
2026-05-27,508.0,510.2099914550781,486.6600036621094,495.5400085449219,495.5400085449219,27589300,133.3000030517578,135.72999572753906,131.6300048828125,132.50999450683594,132.50999450683594,34159800,442.8900146484375,445.6000061035156,435.5199890136719,440.3599853515625,440.3599853515625,44656500,214.1199951171875,214.14999389648438,208.77999877929688,212.60000610351562,212.35250854492188,167601200,87.05000305175781,88.5,86.81999969482422,87.3499984741211,87.3499984741211,22569500
2026-05-28,499.0,527.2000122070312,493.5199890136719,518.0900268554688,518.0900268554688,31438500,133.16000366210938,145.0,133.0,143.33999633789062,143.33999633789062,52085200,437.6199951171875,443.9599914550781,436.29998779296875,442.1000061035156,442.1000061035156,32435000,211.27999877929688,215.52000427246094,211.22000122070312,214.25,214.00057983398438,143996000,86.9000015258789,87.04000091552734,85.58999633789062,86.36000061035156,86.36000061035156,38803800
2026-05-29,520.7999877929688,522.0,503.42999267578125,516.0999755859375,516.0999755859375,30803200,147.8249969482422,157.7790069580078,145.7899932861328,156.5399932861328,156.5399932861328,92196600,439.8500061035156,441.07000732421875,428.1400146484375,435.7900085449219,435.7900085449219,45176800,214.5800018310547,217.86000061035156,211.1300048828125,211.13999938964844,210.8942108154297,289410600,86.19999694824219,86.66999816894531,85.66000366210938,86.0199966430664,86.0199966430664,39793600
2026-06-01,500.1600036621094,517.5,486.79998779296875,510.1300048828125,510.1300048828125,33309200,159.97999572753906,163.6999969482422,155.8800048828125,160.64999389648438,160.64999389648438,57654000,427.489990234375,429.6000061035156,415.42999267578125,415.8800048828125,415.8800048828125,44937900,215.72999572753906,224.8699951171875,215.6999969482422,224.36000061035156,224.09881591796875,212850700,85.7300033569336,87.2300033569336,85.31999969482422,85.8499984741211,85.8499984741211,32747200
2026-06-02,506.29998779296875,522.489990234375,501.2200012207031,521.5399780273438,521.5399780273438,24293200,156.69000244140625,159.5500030517578,149.8000030517578,152.1699981689453,152.1699981689453,43163100,418.2200012207031,424.4200134277344,413.6499938964844,423.739990234375,423.739990234375,37596000,227.17999267578125,232.27999877929688,221.35000610351562,222.82000732421875,222.56060791015625,193362900,85.61000061035156,85.9800033569336,83.29000091552734,83.33000183105469,83.33000183105469,42947200
2026-06-03,533.75,546.4400024414062,524.2999877929688,542.52001953125,542.52001953125,29411100,149.6999969482422,151.67999267578125,141.25,142.1999969482422,142.1999969482422,41072500,418.70001220703125,433.6000061035156,416.0,423.70001220703125,423.70001220703125,44500700,221.72000122070312,222.82000732421875,214.50999450683594,214.75,214.5,160907000,82.91000366210938,83.30999755859375,81.0999984741211,81.5199966430664,81.5199966430664,36714700
2026-06-04,514.75,532.1900024414062,499.8699951171875,523.2000122070312,523.2000122070312,29110000,145.4600067138672,146.3699951171875,140.27200317382812,141.6999969482422,141.6999969482422,40834000,419.8399963378906,426.3500061035156,417.1600036621094,418.45001220703125,418.45001220703125,35323300,213.91000366210938,221.60000610351562,210.97000122070312,218.66000366210938,218.66000366210938,169022200,83.19000244140625,83.69999694824219,81.37000274658203,81.55999755859375,81.55999755859375,39338800
2026-06-05,499.5299987792969,505.6199951171875,463.95001220703125,466.3800048828125,466.3800048828125,46900600,140.3249969482422,141.97000122070312,134.02499389648438,135.52999877929688,135.52999877929688,38283500,420.5,424.67999267578125,388.5899963378906,391.0,391.0,63420200,214.52999877929688,214.8699951171875,204.3300018310547,205.10000610351562,205.10000610351562,219655500,82.33000183105469,82.75,81.0,82.18000030517578,82.18000030517578,43474100
2026-06-08,485.0,494.9700012207031,477.7099914550781,490.3299865722656,490.3299865722656,25158800,135.67999267578125,137.75999450683594,135.27999877929688,136.47000122070312,136.47000122070312,26978900,396.3299865722656,412.94000244140625,394.7200012207031,408.95001220703125,408.95001220703125,50328800,210.17999267578125,210.47000122070312,206.0,208.63999938964844,208.63999938964844,138372800,81.66000366210938,83.08000183105469,81.33999633789062,82.63999938964844,82.63999938964844,33056700
2026-06-09,502.75,505.0,437.2300109863281,475.510009765625,475.510009765625,37799800,134.8699951171875,136.99000549316406,127.3499984741211,132.07000732421875,132.07000732421875,38680000,411.0299987792969,418.5,384.239990234375,396.67999267578125,396.67999267578125,59940200,210.6199951171875,211.39999389648438,199.33999633789062,208.19000244140625,208.19000244140625,180962500,82.12999725341797,82.33999633789062,81.33999633789062,81.41000366210938,81.41000366210938,34787200
2026-06-10,467.9700012207031,477.45001220703125,448.3299865722656,452.3999938964844,452.3999938964844,27777400,129.3249969482422,133.18499755859375,128.8000030517578,130.2100067138672,130.2100067138672,30612600,391.5400085449219,397.0899963378906,380.1499938964844,381.5899963378906,381.5899963378906,49695600,204.42999267578125,207.22000122070312,199.9199981689453,200.4199981689453,200.4199981689453,161746600,81.70999908447266,82.75,80.9800033569336,82.0,82.0,36304600
2026-06-11,461.6000061035156,490.4599914550781,458.0199890136719,488.45001220703125,488.45001220703125,30463100,128.77999877929688,131.52000427246094,127.16999816894531,131.0800018310547,131.0800018310547,27554500,388.2799987792969,399.5400085449219,380.6600036621094,399.1499938964844,399.1499938964844,45324300,201.49000549316406,205.66000366210938,199.5399932861328,204.8699951171875,204.8699951171875,158643200,81.87000274658203,82.0999984741211,80.08999633789062,81.2699966430664,81.2699966430664,33417600
2026-06-12,499.69000244140625,521.7100219726562,494.0,511.57000732421875,511.57000732421875,31553100,130.9149932861328,131.08999633789062,126.6500015258789,127.98999786376953,127.98999786376953,35378000,399.489990234375,406.67999267578125,386.760009765625,406.42999267578125,406.42999267578125,63514500,204.86000061035156,207.07000732421875,203.44000244140625,205.19000244140625,205.19000244140625,112001800,81.58000183105469,82.0,79.27999877929688,80.33999633789062,80.33999633789062,35309700
2026-06-15,535.75,558.3699951171875,530.5,547.260009765625,547.260009765625,33482400,130.02000427246094,134.97999572753906,129.6999969482422,134.7100067138672,134.7100067138672,41748200,412.3699951171875,416.0,407.1000061035156,411.1499938964844,411.1499938964844,45620500,208.9199981689453,212.7100067138672,208.33999633789062,212.4499969482422,212.4499969482422,149936700,80.62000274658203,81.70999908447266,80.45999908447266,81.66999816894531,81.66999816894531,36430800
2026-06-16,546.8900146484375,548.9500122070312,507.25,507.2900085449219,507.2900085449219,28411700,134.58999633789062,134.58999633789062,129.6199951171875,133.25,133.25,30409900,404.1099853515625,412.4200134277344,400.5400085449219,404.6600036621094,404.6600036621094,40255500,211.17999267578125,211.49000549316406,207.2899932861328,207.41000366210938,207.41000366210938,125694100,81.9000015258789,81.93000030517578,77.70999908447266,78.72000122070312,78.72000122070312,65054000
2026-06-17,529.6599731445312,532.5,507.29998779296875,512.47998046875,512.47998046875,27085300,131.75999450683594,136.10000610351562,129.9199981689453,130.6300048828125,130.6300048828125,32290800,401.5299987792969,405.94000244140625,393.760009765625,396.3800048828125,396.3800048828125,43534300,208.52999877929688,209.2100067138672,203.0800018310547,204.64999389648438,204.64999389648438,128363500,78.0999984741211,78.44999694824219,76.76000213623047,76.95999908447266,76.95999908447266,50338800
2026-06-18,531.5800170898438,539.6900024414062,526.3200073242188,537.3699951171875,537.3699951171875,43805600,130.83999633789062,131.42999267578125,125.01000213623047,128.47000122070312,128.47000122070312,55338000,398.1000061035156,402.5199890136719,384.70001220703125,400.489990234375,400.489990234375,58384700,207.3300018310547,211.38999938964844,206.5,210.69000244140625,210.69000244140625,241272000,76.93000030517578,78.23999786376953,76.12000274658203,77.37999725341797,77.37999725341797,91920400
2026-06-22,545.5,562.989990234375,535.7100219726562,551.6300048828125,551.6300048828125,25983200,125.73999786376953,128.8699951171875,119.19999694824219,119.5,119.5,56924500,394.8500061035156,414.75,394.3999938964844,405.04998779296875,405.04998779296875,47819500,211.44000244140625,213.99000549316406,207.72000122070312,208.64999389648438,208.64999389648438,122041400,76.13999938964844,77.08999633789062,71.80999755859375,72.87999725341797,72.87999725341797,82203300
2026-06-23,509.0799865722656,528.489990234375,506.80999755859375,519.8499755859375,519.8499755859375,30196800,120.1500015258789,120.94000244140625,116.18000030517578,116.69999694824219,116.69999694824219,44661900,392.6099853515625,392.8699951171875,379.05999755859375,381.6099853515625,381.6099853515625,50420200,202.1699981689453,203.77000427246094,200.0,200.0399932861328,200.0399932861328,153496200,73.26000213623047,73.95999908447266,72.62999725341797,72.81999969482422,72.81999969482422,50806800
2026-06-24,520.8200073242188,524.9600219726562,503.5,519.739990234375,519.739990234375,26548300,114.12000274658203,118.0,112.25,113.5,113.5,46520700,380.0799865722656,384.5799865722656,373.04998779296875,375.5299987792969,375.5299987792969,37081400,200.1199951171875,201.6699981689453,196.5800018310547,199.0,199.0,151810700,72.69000244140625,73.44999694824219,71.62999725341797,71.83999633789062,71.83999633789062,48001500
2026-06-25,543.9299926757812,550.8800048828125,507.0,532.5700073242188,532.5700073242188,27031300,111.37999725341797,112.1500015258789,106.37000274658203,107.2699966430664,107.2699966430664,61840100,375.2699890136719,379.1199951171875,371.2200012207031,375.1199951171875,375.1199951171875,30138800,200.0800018310547,200.8000030517578,192.1300048828125,195.74000549316406,195.74000549316406,149550000,71.33000183105469,72.94000244140625,70.86000061035156,70.9000015258789,70.9000015258789,44446900
2026-06-26,519.7999877929688,525.1099853515625,502.6099853515625,521.5800170898438,521.5800170898438,52705100,109.04000091552734,114.08000183105469,108.47000122070312,112.93000030517578,112.93000030517578,61360500,370.1499938964844,387.79998779296875,368.6000061035156,379.7099914550781,379.7099914550781,53434100,193.1199951171875,195.5500030517578,191.22000122070312,192.52999877929688,192.52999877929688,179304100,71.69000244140625,75.19999694824219,71.52999877929688,73.80999755859375,73.80999755859375,74990300
2026-06-29,522.8400268554688,542.1900024414062,495.3500061035156,539.489990234375,539.489990234375,26671000,116.2300033569336,119.08000183105469,114.69999694824219,115.69999694824219,115.69999694824219,45017400,381.7900085449219,413.2699890136719,379.29998779296875,411.8399963378906,411.8399963378906,57645800,193.85000610351562,196.17999267578125,189.8000030517578,194.97000122070312,194.97000122070312,148835700,74.62000274658203,76.06999969482422,73.7300033569336,73.77999877929688,73.77999877929688,42429600
2026-06-30,545.5700073242188,584.72998046875,545.5700073242188,580.9099731445312,580.9099731445312,34488500,114.94999694824219,118.69999694824219,114.56999969482422,116.66999816894531,116.66999816894531,38069700,406.0,424.5400085449219,406.0,420.6000061035156,420.6000061035156,43385600,197.24000549316406,200.6300048828125,195.11000061035156,200.08999633789062,200.08999633789062,166476700,73.58999633789062,73.75,71.0,71.4000015258789,71.4000015258789,49240900
2026-07-01,557.530029296875,564.0900268554688,538.739990234375,540.8800048828125,540.8800048828125,28326800,120.05000305175781,128.25,119.3499984741211,125.7300033569336,125.7300033569336,58561300,421.4599914550781,432.8599853515625,418.0899963378906,425.29998779296875,425.29998779296875,40127900,196.1999969482422,199.85000610351562,193.4499969482422,197.5800018310547,197.5800018310547,146147600,72.58999633789062,74.36000061035156,72.33000183105469,74.19000244140625,74.19000244140625,43841800
2026-07-02,538.1599731445312,547.6500244140625,506.0,517.8200073242188,517.8200073242188,28142500,128.99000549316406,132.8800048828125,127.94999694824219,129.3000030517578,129.3000030517578,60641000,428.010009765625,432.3500061035156,389.29998779296875,393.45001220703125,393.45001220703125,73717700,197.13999938964844,200.05999755859375,192.35000610351562,194.8300018310547,194.8300018310547,142068700,75.08999633789062,78.44000244140625,74.91000366210938,77.6500015258789,77.6500015258789,55456500
2026-07-06,535.3499755859375,572.5,527.0,552.0499877929688,552.0499877929688,30684200,127.23999786376953,134.06900024414062,126.63999938964844,132.5399932861328,132.5399932861328,37360100,397.5,420.0,390.5,419.7699890136719,419.7699890136719,54727900,194.4199981689453,197.5500030517578,193.99000549316406,195.5500030517578,195.5500030517578,108999000,77.08000183105469,77.83999633789062,75.70999908447266,76.0199966430664,76.0199966430664,45056600
2026-07-07,515.9099731445312,524.969970703125,503.1099853515625,516.1099853515625,516.1099853515625,29166800,133.72999572753906,138.89999389648438,131.4600067138672,134.3699951171875,134.3699951171875,52570400,416.9599914550781,419.55999755859375,401.8800048828125,402.8999938964844,402.8999938964844,38149900,192.3699951171875,198.41000366210938,191.13999938964844,196.92999267578125,196.92999267578125,124154600,77.87999725341797,78.19000244140625,76.0999984741211,76.18000030517578,76.18000030517578,33257300
2026-07-08,504.80999755859375,522.97998046875,498.1499938964844,517.4099731445312,517.4099731445312,23768500,129.49000549316406,132.38999938964844,126.70999908447266,132.22000122070312,132.22000122070312,40587800,399.3800048828125,399.6300048828125,390.510009765625,394.05999755859375,394.05999755859375,33844900,195.17999267578125,205.16000366210938,195.05999755859375,204.1199951171875,204.1199951171875,147419100,76.2699966430664,76.63999938964844,74.88999938964844,75.58999633789062,75.58999633789062,34373500
2026-07-09,537.27001953125,559.5,535.2000122070312,546.719970703125,546.719970703125,26900800,127.72000122070312,129.19000244140625,124.80999755859375,129.0399932861328,129.0399932861328,35286100,393.989990234375,407.8599853515625,390.8599853515625,406.54998779296875,406.54998779296875,37835000,204.4600067138672,204.58999633789062,198.9600067138672,202.77999877929688,202.77999877929688,132037400,74.30000305175781,75.55000305175781,74.0199966430664,75.47000122070312,75.47000122070312,36305700
2026-07-10,544.010009765625,560.25,540.0499877929688,557.8900146484375,557.8900146484375,20704500,132.13999938964844,132.27999877929688,125.7699966430664,126.79000091552734,126.79000091552734,31163000,410.489990234375,413.1600036621094,402.80999755859375,407.760009765625,407.760009765625,33410000,202.0,211.0,201.9199981689453,210.9600067138672,210.9600067138672,148421000,75.44000244140625,75.69999694824219,72.51000213623047,73.37000274658203,73.37000274658203,46713900
2026-07-13,537.5,551.8699951171875,526.9199829101562,534.3900146484375,534.3900146484375,22957400,127.29499816894531,130.72000122070312,126.19499969482422,130.0399932861328,130.0399932861328,39786500,404.6099853515625,405.57000732421875,391.3699951171875,394.760009765625,394.760009765625,32809200,208.5399932861328,210.57000732421875,203.0,203.52999877929688,203.52999877929688,121411000,73.9000015258789,75.44999694824219,73.70999908447266,73.83000183105469,73.83000183105469,35101800
2026-07-14,567.219970703125,574.2000122070312,546.77001953125,548.1300048828125,548.1300048828125,21201400,123.61000061035156,135.7899932861328,122.63999938964844,133.72000122070312,133.72000122070312,49963700,399.04998779296875,402.2200012207031,394.760009765625,396.17999267578125,396.17999267578125,23385000,208.1999969482422,212.5500030517578,203.8000030517578,211.8000030517578,211.8000030517578,124379600,72.63999938964844,74.01000213623047,72.27999877929688,73.52999877929688,73.52999877929688,33312100
2026-07-15,556.02001953125,558.8900146484375,509.57000732421875,529.1400146484375,529.1400146484375,27826200,134.33999633789062,136.8800048828125,132.8800048828125,133.75999450683594,133.75999450683594,26064500,399.3999938964844,406.5899963378906,390.6600036621094,394.4599914550781,394.4599914550781,31549800,211.9600067138672,213.80999755859375,206.0399932861328,212.5,212.5,124797200,73.79000091552734,75.05999755859375,73.12999725341797,73.68000030517578,73.68000030517578,32854300
2026-07-16,509.3299865722656,518.739990234375,491.79998779296875,500.94000244140625,500.94000244140625,27093700,133.0800018310547,136.2100067138672,128.67999267578125,134.44000244140625,134.44000244140625,28951300,392.3500061035156,395.30999755859375,385.32000732421875,391.05999755859375,391.05999755859375,29269100,210.1699981689453,211.0800018310547,205.85000610351562,207.39999389648438,207.39999389648438,122986100,73.94999694824219,74.68000030517578,72.94000244140625,74.3499984741211,74.3499984741211,77505200
2026-07-17,476.8800048828125,505.8800048828125,460.2099914550781,495.760009765625,495.760009765625,32115900,131.78500366210938,134.77000427246094,129.0500030517578,132.3800048828125,132.3800048828125,31875100,381.7799987792969,385.69000244140625,377.2200012207031,380.8399963378906,380.8399963378906,31394600,202.63999938964844,206.64999389648438,197.97000122070312,202.80999755859375,202.80999755859375,144281900,65.4800033569336,69.48999786376953,65.08000183105469,68.94999694824219,68.94999694824219,142029200
2026-07-20,517.0,522.4400024414062,502.3599853515625,503.57000732421875,503.57000732421875,23440700,131.8800048828125,136.6199951171875,131.82000732421875,134.85000610351562,134.85000610351562,30571300,386.04998779296875,386.6099853515625,369.42999267578125,369.57000732421875,369.57000732421875,33901500,205.8699951171875,207.74000549316406,202.27999877929688,203.27999877929688,203.27999877929688,88701500,68.31999969482422,68.37999725341797,66.69000244140625,67.5999984741211,67.5999984741211,60669100
2026-07-21,526.0,548.1400146484375,522.5999755859375,544.4299926757812,544.4299926757812,29045100,133.8300018310547,134.67999267578125,131.22500610351562,132.66000366210938,132.66000366210938,23161800,371.1700134277344,384.07000732421875,369.9800109863281,378.92999267578125,378.92999267578125,32735300,207.5399932861328,208.64999389648438,204.00999450683594,207.2899932861328,207.2899932861328,108685600,67.41999816894531,68.75,66.7300033569336,68.66999816894531,68.66999816894531,56565800
2026-07-22,526.8800048828125,561.469970703125,526.5999755859375,552.3300170898438,552.3300170898438,24776700,132.22000122070312,132.34500122070312,123.44999694824219,124.56999969482422,124.56999969482422,38588300,375.5299987792969,380.1700134277344,372.8999938964844,374.010009765625,374.010009765625,30646100,205.80999755859375,214.38999938964844,204.9499969482422,212.05999755859375,212.05999755859375,137645600,69.37000274658203,70.56999969482422,68.3499984741211,68.52999877929688,68.52999877929688,44947300
2026-07-23,544.739990234375,556.489990234375,525.0,539.6900024414062,539.6900024414062,27155100,125.93499755859375,126.4000015258789,120.7300033569336,123.37000274658203,123.37000274658203,29757900,341.0,342.1099853515625,315.739990234375,319.69000244140625,319.69000244140625,115606400,209.4600067138672,210.8699951171875,205.9600067138672,208.75999450683594,208.75999450683594,110505300,68.56999969482422,69.36000061035156,67.66999816894531,68.88999938964844,68.88999938964844,45029100
2026-07-24,546.9199829101562,549.0,518.0,521.9500122070312,521.9500122070312,27200700,125.16500091552734,125.30999755859375,122.0199966430664,122.91999816894531,122.91999816894531,21177000,320.7200012207031,322.9599914550781,306.510009765625,313.0299987792969,313.0299987792969,62760000,207.4499969482422,211.91000366210938,204.80999755859375,206.83999633789062,206.83999633789062,114836800,69.29000091552734,70.68000030517578,67.97000122070312,70.08999633789062,70.08999633789062,37593500
2026-07-27,527.510009765625,528.0,476.92999267578125,494.95001220703125,494.95001220703125,31800300,126.15499877929688,132.41000366210938,125.30999755859375,131.52999877929688,131.52999877929688,36708200,313.239990234375,317.0,304.2799987792969,309.2200012207031,309.2200012207031,44919400,208.1999969482422,208.75,195.44000244140625,196.50999450683594,196.50999450683594,154353700,70.58999633789062,71.6500015258789,69.86000061035156,70.4000015258789,70.4000015258789,39090800
2026-07-28,467.0,472.75,442.2699890136719,454.6199951171875,454.6199951171875,36315500,125.83999633789062,127.19000244140625,117.88999938964844,123.52999877929688,123.52999877929688,43597300,305.92999267578125,311.1600036621094,300.69000244140625,307.44000244140625,307.44000244140625,39802400,195.0,198.6999969482422,192.74000549316406,197.00999450683594,197.00999450683594,134111500,72.06999969482422,73.76000213623047,71.2300033569336,72.38999938964844,72.38999938964844,47160200
2026-07-29,452.67999267578125,457.2200012207031,424.0299987792969,429.55999755859375,429.55999755859375,32304900,124.0,127.27999877929688,122.44999694824219,123.0,123.0,27207900,307.1400146484375,309.05999755859375,297.3800048828125,298.32000732421875,298.32000732421875,39478000,195.85000610351562,197.07000732421875,190.00999450683594,190.00999450683594,190.00999450683594,147680800,72.19000244140625,73.73999786376953,71.75,73.62999725341797,73.62999725341797,43737600
2026-07-30,460.0,498.20001220703125,457.67999267578125,485.3900146484375,485.3900146484375,36936600,121.13999938964844,123.66999816894531,120.2699966430664,122.26000213623047,122.26000213623047,27801600,302.70001220703125,310.8699951171875,301.3299865722656,308.8500061035156,308.8500061035156,38005400,193.4499969482422,197.25,191.52000427246094,195.0399932861328,195.0399932861328,129010200,71.4800033569336,73.31999969482422,70.55000305175781,73.16999816894531,73.16999816894531,54261000
2026-07-31,510.2799987792969,515.6199951171875,475.760009765625,476.1499938964844,476.1499938964844,26515500,122.29000091552734,123.38999938964844,119.62000274658203,123.05999755859375,123.05999755859375,29004900,309.69000244140625,315.5,301.9700012207031,311.2099914550781,311.2099914550781,36527800,198.44000244140625,202.0,194.9499969482422,200.75,200.75,139659700,71.97000122070312,72.75,71.11000061035156,71.70999908447266,71.70999908447266,35818000
