# 10000 random (x, y) pairs in [0, 1]^2, seed=42
0.639427,0.025011
0.275029,0.223211
0.736471,0.676699
0.892180,0.086939
0.421922,0.029797
0.218638,0.505355
0.026536,0.198838
0.649884,0.544941
0.220441,0.589266
0.809430,0.006499
0.805819,0.698139
0.340251,0.155479
0.957213,0.336595
0.092746,0.096716
0.847494,0.603726
0.807128,0.729732
0.536228,0.973116
0.378534,0.552041
0.829405,0.618520
0.861707,0.577352
0.704572,0.045824
0.227898,0.289388
0.079792,0.232791
0.101001,0.277974
0.635684,0.364832
0.370181,0.209507
0.266978,0.936655
0.648035,0.609131
0.171139,0.729127
0.163402,0.379455
0.989523,0.640000
0.556950,0.684614
0.842852,0.776000
0.229048,0.032100
0.315453,0.267741
0.210983,0.942910
0.876368,0.314678
0.655439,0.395632
0.914548,0.458852
0.264880,0.246628
0.561368,0.262742
0.584586,0.897823
0.399401,0.219321
0.997538,0.509526
0.090909,0.047116
0.109649,0.627446
0.792079,0.422160
0.063528,0.381619
0.996121,0.529114
0.971078,0.860780
0.011481,0.720722
0.681710,0.536970
0.266825,0.640962
0.111552,0.434765
0.453724,0.953816
0.875853,0.263389
0.500586,0.178652
0.912628,0.870519
0.298445,0.638949
0.608970,0.152839
0.762511,0.539379
0.778626,0.530354
0.000572,0.324156
0.019477,0.929099
0.878722,0.831666
0.307514,0.057925
0.878010,0.946949
0.085653,0.485990
0.069213,0.760602
0.765834,0.128391
0.475282,0.549804
0.265057,0.872433
0.423138,0.211798
0.539296,0.729931
0.201151,0.311716
0.995149,0.649878
0.438100,0.517576
0.121004,0.224697
0.338086,0.588309
0.230115,0.220217
0.070993,0.631103
0.228942,0.905420
0.859635,0.070857
0.238005,0.668978
0.214237,0.132312
0.935514,0.571043
0.472671,0.784619
0.807497,0.190410
0.096931,0.431051
0.423579,0.467025
0.729076,0.673365
0.984165,0.098418
0.402621,0.339303
0.861673,0.248656
0.190209,0.448614
0.421882,0.278545
0.249806,0.923266
0.443131,0.861349
0.550325,0.050588
0.999282,0.836028
0.968996,0.926367
0.848696,0.166311
0.485641,0.213747
0.401040,0.058635
0.378973,0.985309
0.265203,0.784071
0.455008,0.423007
0.957318,0.995423
0.555768,0.718408
0.154797,0.296708
0.968709,0.579180
0.542195,0.747976
0.057165,0.584178
0.502850,0.852720
0.157433,0.960779
0.080111,0.185825
0.595035,0.675213
0.235204,0.119887
0.890287,0.246215
0.594519,0.619382
0.419225,0.583672
0.522783,0.934706
0.204259,0.716192
0.238686,0.395786
0.671690,0.299997
0.316177,0.751864
0.072543,0.458286
0.998454,0.996096
0.073261,0.213154
0.265200,0.933259
0.880864,0.879270
0.369527,0.157747
0.833745,0.703540
0.611678,0.987233
0.653976,0.007823
0.817104,0.299379
0.663389,0.938930
0.134291,0.115429
0.107036,0.553224
0.272348,0.604830
0.717612,0.203597
0.634238,0.263984
0.488532,0.905336
0.846104,0.092298
0.423576,0.276680
0.003546,0.771119
0.637113,0.261955
0.741231,0.551680
0.427687,0.009670
0.075244,0.883106
0.903929,0.545590
0.834595,0.582510
0.148094,0.127446
0.308258,0.898981
0.796122,0.860703
0.898925,0.210077
0.249530,0.102794
0.780116,0.884135
0.406377,0.620662
0.154553,0.929881
0.864606,0.976206
0.810772,0.881416
0.024786,0.736564
0.332185,0.930816
0.802235,0.864064
0.810749,0.266806
0.787375,0.108096
0.872167,0.858593
0.222434,0.816587
0.460303,0.305191
0.795345,0.227595
0.023664,0.193130
0.328262,0.864353
0.966889,0.279125
0.641482,0.399678
0.981150,0.536216
0.939237,0.115342
0.970401,0.178568
0.962534,0.265466
0.108403,0.434564
0.728545,0.313677
0.606209,0.511423
0.385195,0.576588
0.254723,0.708785
0.001691,0.925575
0.538452,0.719430
0.741950,0.670629
0.364221,0.069974
0.664238,0.330200
0.313916,0.848015
0.719754,0.300322
0.309285,0.408393
0.402400,0.295655
0.127288,0.420446
0.940364,0.677318
0.902806,0.615515
0.300950,0.547937
0.000406,0.286914
0.429888,0.579985
0.654706,0.464988
0.442160,0.213701
0.473186,0.901181
0.796025,0.169691
0.084796,0.515452
0.632941,0.335188
0.818423,0.751138
0.672796,0.224641
0.199130,0.024425
0.244843,0.475136
0.849738,0.072828
0.414441,0.629765
0.194435,0.696354
0.494377,0.243984
0.656058,0.005545
0.750964,0.770046
0.106587,0.425146
0.175887,0.957966
0.517958,0.050218
0.249198,0.848336
0.456462,0.801417
0.667578,0.987892
0.595452,0.950040
0.891426,0.612652
0.719274,0.504778
0.830569,0.547872
0.897208,0.743655
0.474674,0.259192
0.247240,0.637661
0.765814,0.521300
0.626748,0.274597
0.077483,0.285728
0.271715,0.319710
0.540152,0.138374
0.231261,0.693950
0.706419,0.064229
0.407599,0.542611
0.415774,0.206834
0.420144,0.904838
0.584079,0.695523
0.856732,0.765595
0.380381,0.005896
0.351759,0.753475
0.853448,0.953430
0.419021,0.747516
0.546132,0.603253
0.220539,0.219422
0.435836,0.029025
0.336130,0.679142
0.404317,0.165045
0.467390,0.127628
0.622257,0.026966
0.394020,0.564392
0.027102,0.642750
0.135699,0.461698
0.050285,0.379104
0.211660,0.326846
0.761230,0.379126
0.752010,0.831924
0.252272,0.081906
0.019383,0.539419
0.999908,0.349960
0.650144,0.781233
0.651755,0.754233
0.949612,0.199361
0.020380,0.152382
0.126221,0.669459
0.563970,0.217965
0.699465,0.766898
0.167789,0.607247
0.747926,0.114533
0.819301,0.964721
0.108099,0.025678
0.311957,0.677347
0.958173,0.396654
0.715015,0.075996
0.690614,0.627242
0.101901,0.772481
0.850293,0.600412
0.121055,0.983844
0.782635,0.347204
0.428378,0.370571
0.505961,0.341231
0.849576,0.822331
0.105539,0.960788
0.635585,0.828707
0.707309,0.435487
0.733795,0.965474
0.270082,0.808199
0.538173,0.483498
0.435574,0.731026
0.268396,0.851713
0.830731,0.086663
0.881631,0.243863
0.464708,0.610332
0.378989,0.028700
0.850953,0.181840
0.212120,0.797832
0.340339,0.880320
0.701184,0.276269
0.010151,0.948063
0.085613,0.720075
0.488578,0.758165
0.690609,0.645903
0.490821,0.792933
0.093053,0.221596
0.691787,0.306206
0.581556,0.473260
0.530922,0.425504
0.745935,0.330791
0.702855,0.270916
0.251404,0.120656
0.192584,0.119555
0.535864,0.762190
0.185150,0.216385
0.484199,0.724585
0.976607,0.524637
0.282999,0.100526
0.194118,0.227483
0.179442,0.014148
0.534135,0.274311
0.974295,0.553359
0.697417,0.126279
0.868461,0.490879
0.872720,0.574064
0.469397,0.440469
0.184364,0.051377
0.941064,0.477729
0.822116,0.400707
0.074082,0.629446
0.053609,0.149198
0.562840,0.303836
0.993918,0.118452
0.764443,0.606318
0.790741,0.225687
0.522573,0.450514
0.442721,0.860167
0.990031,0.305380
0.621027,0.609631
0.740089,0.947590
0.207788,0.211025
0.660428,0.157057
0.173814,0.075065
0.002676,0.450504
0.593811,0.291259
0.231476,0.706956
0.702988,0.454031
0.687385,0.923911
0.787828,0.625058
0.661183,0.933668
0.425139,0.544562
0.647635,0.908411
0.826631,0.071410
0.165923,0.307612
0.748958,0.569207
0.288611,0.124354
0.688678,0.699734
0.942676,0.500472
0.493795,0.080442
0.039861,0.432029
0.322322,0.250368
0.091327,0.961911
0.835959,0.575199
0.950786,0.999572
0.672282,0.269511
0.040232,0.756269
0.470501,0.651509
0.916073,0.181489
0.585330,0.634785
0.491726,0.091242
0.347961,0.333308
0.670134,0.857733
0.329804,0.693674
0.288218,0.945194
0.813566,0.550097
0.454826,0.314517
0.323274,0.970185
0.404175,0.514596
0.988119,0.657660
0.542594,0.413248
0.187583,0.361779
0.756443,0.625409
0.759991,0.203558
0.549220,0.927673
0.438116,0.698250
0.121426,0.973147
0.608872,0.239297
0.158378,0.550839
0.552251,0.093209
0.992257,0.912930
0.461448,0.117466
0.832143,0.498376
0.716603,0.508872
0.273425,0.834724
0.980245,0.243731
0.551265,0.383586
0.921868,0.508241
0.879326,0.864027
0.276247,0.790006
0.414942,0.934248
0.507738,0.820549
0.282839,0.298556
0.586938,0.998902
0.489640,0.148595
0.538581,0.345124
0.551917,0.543430
0.455345,0.321777
0.188652,0.697498
0.571798,0.233562
0.775544,0.043647
0.744705,0.705228
0.811409,0.386079
0.663689,0.820748
0.980818,0.495329
0.037020,0.502291
0.590180,0.869700
0.874190,0.440306
0.525951,0.456928
0.722444,0.409979
0.654781,0.154361
0.469491,0.969204
0.338561,0.692705
0.649837,0.851765
0.852341,0.859342
0.380009,0.316661
0.718717,0.759402
0.872383,0.035899
0.068421,0.631161
0.920929,0.997426
0.746766,0.433971
0.098443,0.633748
0.872579,0.443679
0.694001,0.903424
0.045991,0.796143
0.293368,0.374841
0.145570,0.531166
0.565928,0.792519
0.169984,0.078968
0.870840,0.619710
0.240830,0.912829
0.143118,0.461150
0.253977,0.255327
0.009397,0.804633
0.901209,0.677611
0.157976,0.441730
0.345566,0.587572
0.638939,0.424309
0.250098,0.845304
0.199217,0.384693
0.483208,0.237206
0.571923,0.574812
0.992692,0.295231
0.977944,0.658230
0.274480,0.565929
0.685799,0.744669
0.049044,0.606406
0.496727,0.904155
0.286194,0.798860
0.607065,0.352321
0.636618,0.620891
0.677764,0.720928
0.659182,0.838337
0.628248,0.903404
0.646341,0.308933
0.440823,0.579574
0.732360,0.090133
0.295110,0.747481
0.175640,0.132160
0.539408,0.971490
0.530852,0.913487
0.830473,0.256970
0.824690,0.481848
0.806488,0.746559
0.338715,0.115170
0.962893,0.140757
0.966500,0.860141
0.724217,0.979942
0.967270,0.804588
0.365775,0.790682
0.013919,0.536572
0.454786,0.672828
0.672341,0.584560
0.822417,0.940292
0.108346,0.233822
0.025025,0.884235
0.561407,0.915256
0.221367,0.063217
0.823855,0.909388
0.302190,0.408296
0.139777,0.946262
0.304365,0.492625
0.097192,0.887259
0.135664,0.453644
0.670486,0.743140
0.945974,0.419127
0.742269,0.154523
0.414885,0.099022
0.489347,0.408116
0.951522,0.032716
0.370530,0.443383
0.950555,0.855450
0.099355,0.685680
0.544466,0.977843
0.358674,0.398140
0.189809,0.122160
0.848033,0.454717
0.662769,0.641704
0.597146,0.021357
0.786795,0.243569
0.125924,0.564578
0.068610,0.765157
0.207157,0.215951
0.869695,0.328560
0.147554,0.900531
0.002836,0.858406
0.144688,0.129992
0.250654,0.174497
0.661058,0.025780
0.014860,0.789985
0.237932,0.323771
0.174246,0.052399
0.741718,0.526086
0.745665,0.476246
0.778017,0.513238
0.109054,0.503839
0.945416,0.043365
0.783227,0.866981
0.521451,0.458043
0.964026,0.060825
0.478982,0.401617
0.686097,0.490269
0.909701,0.073491
0.080790,0.608297
0.065682,0.275016
0.633077,0.548356
0.325185,0.994628
0.530557,0.453715
0.605427,0.099178
0.701779,0.852793
0.650917,0.768963
0.720840,0.215023
0.451555,0.228494
0.338932,0.453499
0.415990,0.095086
0.426764,0.665108
0.374301,0.152639
0.922985,0.067133
0.831772,0.093230
0.096564,0.738796
0.811769,0.556371
0.586465,0.561586
0.329646,0.122231
0.353598,0.665341
0.750284,0.868092
0.721061,0.968399
0.600410,0.351646
0.577919,0.212739
0.656736,0.224245
0.108218,0.845373
0.367561,0.762606
0.574100,0.807221
0.845155,0.974547
0.818427,0.613573
0.642699,0.026254
0.929084,0.829461
0.267448,0.180416
0.702699,0.308985
0.339825,0.006106
0.869863,0.566321
0.400784,0.141875
0.633172,0.030657
0.746112,0.215133
0.419832,0.340896
0.370053,0.721596
0.776836,0.567594
0.084957,0.052609
0.157410,0.617838
0.673969,0.272103
0.661939,0.485662
0.442044,0.273167
0.754943,0.113818
0.429914,0.283246
0.678486,0.486633
0.667133,0.045417
0.395263,0.599325
0.007687,0.301419
0.211234,0.137235
0.255520,0.328122
0.007730,0.747014
0.175695,0.380207
0.703671,0.500262
0.833354,0.806200
0.072075,0.861764
0.042302,0.018742
0.921162,0.862110
0.575759,0.573400
0.709499,0.417694
0.115173,0.020857
0.324768,0.801322
0.618125,0.832026
0.919770,0.088130
0.844484,0.243316
0.588871,0.523963
0.395767,0.310275
0.339513,0.333069
0.168133,0.510483
0.114027,0.509952
0.905923,0.349375
0.727379,0.818949
0.815037,0.236269
0.146444,0.197272
0.602399,0.760215
0.655509,0.177146
0.772848,0.494117
0.754446,0.759877
0.448905,0.924154
0.564492,0.635298
0.624522,0.864247
0.627217,0.150957
0.068286,0.442208
0.302820,0.274674
0.056172,0.507337
0.310408,0.451914
0.056890,0.831697
0.076731,0.864250
0.855293,0.615008
0.507068,0.462712
0.554316,0.791818
0.895877,0.449734
0.809816,0.651837
0.321527,0.475629
0.150861,0.061874
0.103502,0.899127
0.343438,0.714316
0.504549,0.172559
0.247744,0.437758
0.439422,0.522748
0.158746,0.372852
0.282894,0.408769
0.338367,0.597886
0.789227,0.647305
0.065912,0.094506
0.678379,0.284147
0.723734,0.656564
0.906343,0.873280
0.333362,0.582740
0.141428,0.349821
0.967697,0.698480
0.391958,0.595041
0.938002,0.309582
0.376679,0.791662
0.813185,0.670116
0.828959,0.738775
0.685414,0.526393
0.646025,0.423406
0.361828,0.362598
0.180263,0.214193
0.947668,0.486271
0.226543,0.137565
0.077165,0.844428
0.101141,0.770875
0.835120,0.883682
0.037747,0.336764
0.766308,0.131049
0.376720,0.162247
0.831345,0.771098
0.809044,0.165539
0.437673,0.410859
0.676363,0.237530
0.444199,0.284928
0.748537,0.448928
0.534011,0.309468
0.808624,0.469016
0.835113,0.367841
0.947130,0.984440
0.461680,0.281772
0.381872,0.527460
0.966268,0.816891
0.801259,0.138399
0.250003,0.641179
0.874117,0.554541
0.102590,0.845892
0.851166,0.285063
0.763117,0.272791
0.905306,0.147349
0.437473,0.946413
0.222038,0.451128
0.349585,0.026670
0.053257,0.502007
0.235778,0.994525
0.374913,0.028188
0.930826,0.839176
0.649961,0.791381
0.137600,0.286879
0.829762,0.696072
0.138793,0.705536
0.448601,0.005251
0.079226,0.255924
0.834963,0.548804
0.727235,0.527772
0.111187,0.288102
0.301151,0.047749
0.419826,0.793899
0.457114,0.110858
0.905147,0.596739
0.016435,0.515376
0.241938,0.143577
0.429239,0.614810
0.240564,0.416568
0.664371,0.085614
0.974654,0.067679
0.526059,0.507328
0.988331,0.554152
0.390454,0.470135
0.635671,0.981039
0.253650,0.016242
0.788520,0.344802
0.732941,0.628257
0.771501,0.735187
0.332519,0.044336
0.546014,0.813509
0.175089,0.779143
0.464623,0.695389
0.631736,0.811498
0.063101,0.776190
0.457680,0.293443
0.043806,0.199470
0.041906,0.933371
0.515384,0.989123
0.543031,0.253314
0.753291,0.191103
0.356974,0.780842
0.865798,0.331925
0.124475,0.368019
0.889487,0.743308
0.894637,0.386645
0.973724,0.496203
0.497523,0.924310
0.519276,0.801148
0.727081,0.078927
0.602453,0.822341
0.545474,0.321211
0.080069,0.660919
0.306496,0.602622
0.426116,0.689765
0.351547,0.042355
0.870037,0.352559
0.998151,0.274555
0.980027,0.947904
0.075041,0.637513
0.363311,0.801096
0.679411,0.952789
0.142779,0.607573
0.781312,0.034799
0.067233,0.778515
0.366328,0.382854
0.567245,0.605095
0.679062,0.948824
0.372013,0.763084
0.573922,0.529460
0.398034,0.649561
0.249612,0.113449
0.735675,0.499044
0.386987,0.561673
0.261777,0.260290
0.446273,0.996365
0.285577,0.916479
0.491200,0.122637
0.852826,0.452043
0.898679,0.445111
0.087791,0.681929
0.845521,0.319588
0.347425,0.064939
0.542171,0.891332
0.851362,0.711809
0.927324,0.637700
0.793696,0.508756
0.121362,0.200980
0.138877,0.790373
0.026284,0.554021
0.368911,0.803662
0.551647,0.611948
0.086215,0.309291
0.999595,0.718870
0.525696,0.769165
0.823339,0.073751
0.972380,0.642339
0.449974,0.680109
0.344515,0.877960
0.780263,0.639794
0.181963,0.966265
0.432618,0.910712
0.055413,0.124161
0.153015,0.164657
0.322661,0.709332
0.346023,0.940904
0.894926,0.845934
0.250605,0.635057
0.550841,0.125170
0.302825,0.533478
0.502573,0.168636
0.941607,0.154194
0.658733,0.720633
0.605139,0.842530
0.563618,0.825236
0.028373,0.045462
0.641454,0.576771
0.651130,0.766959
0.416587,0.638991
0.498038,0.627164
0.289672,0.956650
0.482945,0.804688
0.684991,0.297434
0.072973,0.059913
0.439605,0.484251
0.204023,0.606660
0.312582,0.718363
0.734200,0.860777
0.975374,0.130766
0.370540,0.561651
0.319116,0.466473
0.267472,0.247919
0.096812,0.290212
0.384150,0.615377
0.248270,0.865308
0.159700,0.327436
0.577687,0.312715
0.763121,0.498266
0.514725,0.498760
0.308540,0.023176
0.945233,0.505444
0.966687,0.215144
0.352895,0.050540
0.494894,0.882339
0.654260,0.470587
0.536691,0.847172
0.430928,0.882456
0.727508,0.763857
0.365937,0.400582
0.570282,0.194655
0.553223,0.073532
0.504256,0.764404
0.279721,0.989091
0.680399,0.118811
0.975083,0.393904
0.794897,0.339085
0.938949,0.754965
0.199058,0.509123
0.500078,0.045303
0.137036,0.333041
0.473744,0.456989
0.606261,0.515506
0.327966,0.613068
0.162502,0.990616
0.739319,0.299234
0.336373,0.828289
0.532340,0.708740
0.299791,0.815749
0.368358,0.673806
0.979898,0.583702
0.796755,0.725324
0.688044,0.026647
0.474590,0.967071
0.782904,0.776162
0.577634,0.721400
0.583523,0.170512
0.629025,0.619736
0.841167,0.147776
0.680727,0.031571
0.948205,0.109896
0.018937,0.313692
0.151431,0.690500
0.410377,0.774972
0.920521,0.872818
0.735837,0.062281
0.138082,0.207342
0.325050,0.662227
0.525477,0.313753
0.173182,0.912124
0.342327,0.354287
0.771990,0.720925
0.643309,0.693313
0.610077,0.192264
0.246519,0.558087
0.224867,0.972911
0.297615,0.289004
0.207278,0.704988
0.317041,0.348803
0.933700,0.795405
0.273458,0.121874
0.676622,0.379694
0.980161,0.818377
0.954609,0.804616
0.290453,0.287630
0.714141,0.346364
0.442376,0.256444
0.479079,0.202068
0.538578,0.933024
0.696171,0.137273
0.615677,0.586830
0.242458,0.669834
0.531041,0.637945
0.052491,0.413301
0.717358,0.100545
0.770766,0.005181
0.550353,0.929100
0.406907,0.935032
0.878400,0.477449
0.199456,0.963914
0.321168,0.645898
0.907937,0.089461
0.574133,0.535152
0.723118,0.936669
0.913230,0.175065
0.882245,0.175789
0.919635,0.997172
0.396995,0.495384
0.936609,0.962131
0.926040,0.876743
0.009267,0.567962
0.107301,0.982994
0.284562,0.989099
0.543300,0.493912
0.938561,0.851060
0.468021,0.192811
0.112647,0.162494
0.458914,0.257265
0.186199,0.736618
0.790768,0.567781
0.757283,0.175495
0.856147,0.897043
0.826990,0.515281
0.086738,0.669256
0.184781,0.140612
0.323602,0.248047
0.260785,0.235521
0.753757,0.954035
0.301946,0.722883
0.011436,0.653683
0.692769,0.062124
0.118225,0.306806
0.405417,0.502520
0.895118,0.703557
0.310978,0.117416
0.916130,0.295038
0.614625,0.219129
0.133569,0.153186
0.747735,0.605739
0.415846,0.549235
0.470828,0.537518
0.664094,0.218412
0.247465,0.754740
0.873135,0.081870
0.446748,0.703766
0.078103,0.564169
0.061758,0.547649
0.505487,0.572702
0.149852,0.328118
0.520342,0.116240
0.205401,0.583148
0.090942,0.510375
0.808692,0.453432
0.513248,0.456798
0.057737,0.462378
0.806915,0.723280
0.395949,0.816453
0.745804,0.578311
0.045290,0.344529
0.063760,0.994124
0.934583,0.069019
0.933776,0.031735
0.408867,0.768972
0.765828,0.978333
0.645881,0.420362
0.992857,0.382480
0.869620,0.906767
0.375646,0.682730
0.661793,0.539300
0.653534,0.347770
0.178474,0.537258
0.528843,0.727858
0.222690,0.003473
0.022735,0.298363
0.673500,0.544445
0.531934,0.823360
0.247512,0.346160
0.275650,0.937410
0.725024,0.112845
0.809478,0.419241
0.766053,0.883757
0.015646,0.206082
0.100897,0.033576
0.597785,0.703286
0.048676,0.740541
0.402265,0.234339
0.217269,0.863730
0.056444,0.503896
0.289263,0.815786
0.731517,0.318904
0.597918,0.672532
0.320665,0.301764
0.143260,0.660212
0.221043,0.300501
0.060958,0.948520
0.879714,0.911578
0.625993,0.427201
0.495621,0.972290
0.941586,0.671343
0.785805,0.318734
0.416325,0.149218
0.376460,0.754416
0.473519,0.849341
0.300736,0.707577
0.805776,0.914741
0.562386,0.967786
0.557287,0.134093
0.242859,0.203337
0.646706,0.922226
0.847133,0.092464
0.724585,0.190482
0.268462,0.673672
0.602922,0.873620
0.188163,0.761696
0.724305,0.558850
0.479394,0.869474
0.332964,0.957020
0.015334,0.937160
0.962078,0.117316
0.999572,0.478921
0.242593,0.604402
0.204513,0.915126
0.552079,0.775514
0.380662,0.533650
0.359260,0.261562
0.512817,0.497277
0.098608,0.981318
0.469490,0.839731
0.914330,0.370705
0.413930,0.562525
0.221274,0.145923
0.260774,0.934758
0.579143,0.417578
0.152411,0.329865
0.379840,0.833363
0.499301,0.654608
0.684847,0.257327
0.821592,0.966508
0.641694,0.490596
0.168234,0.794976
0.169266,0.720314
0.488316,0.916899
0.542137,0.641809
0.058732,0.033824
0.846697,0.945188
0.668216,0.764339
0.412392,0.842545
0.231433,0.707170
0.009141,0.505733
0.373201,0.617835
0.666755,0.616519
0.483204,0.487854
0.006612,0.551644
0.011851,0.529418
0.274741,0.977479
0.017143,0.813157
0.674033,0.806168
0.909773,0.107016
0.096314,0.148897
0.191932,0.526456
0.815214,0.267325
0.396896,0.373052
0.406027,0.565002
0.990233,0.225857
0.684042,0.847867
0.653736,0.858219
0.759586,0.093501
0.379264,0.552701
0.056115,0.009450
0.171384,0.499858
0.433910,0.784376
0.565857,0.857960
0.095362,0.528159
0.042552,0.211417
0.868117,0.887554
0.475500,0.046562
0.074348,0.925585
0.899312,0.563510
0.032902,0.928766
0.314485,0.961469
0.587036,0.752254
0.712711,0.398296
0.076937,0.162450
0.240472,0.834651
0.389157,0.896526
0.331730,0.755609
0.139951,0.988478
0.724164,0.500793
0.974323,0.053696
0.437088,0.838675
0.340593,0.769006
0.954858,0.396703
0.773555,0.029626
0.273327,0.992586
0.490603,0.355811
0.941143,0.431848
0.679695,0.660672
0.085694,0.618616
0.798055,0.713109
0.082038,0.154221
0.711677,0.633901
0.739655,0.316678
0.106551,0.005195
0.308267,0.359917
0.269766,0.132507
0.187392,0.448844
0.554740,0.408044
0.026262,0.353914
0.093064,0.598044
0.324430,0.385238
0.291847,0.387800
0.084700,0.901136
0.905208,0.978173
0.571960,0.169583
0.380732,0.138840
0.301131,0.493124
0.063267,0.434676
0.421102,0.484231
0.076921,0.251700
0.246590,0.625034
0.593806,0.195548
0.106972,0.304658
0.948823,0.332217
0.620192,0.804076
0.329542,0.334736
0.815475,0.859508
0.974225,0.136124
0.320665,0.947279
0.200851,0.314183
0.964575,0.968725
0.291448,0.694958
0.491007,0.575879
0.242424,0.376055
0.816495,0.392935
0.113888,0.563851
0.592227,0.545629
0.681713,0.550099
0.953005,0.461622
0.708367,0.438455
0.291331,0.692835
0.818966,0.795657
0.409142,0.499303
0.633336,0.242021
0.658663,0.715236
0.789077,0.073965
0.990701,0.479235
0.400805,0.506613
0.920392,0.691709
0.543645,0.790721
0.359529,0.895502
0.536906,0.638180
0.084982,0.768954
0.657602,0.355009
0.647000,0.044297
0.983608,0.677472
0.399618,0.752683
0.965717,0.430456
0.010548,0.258738
0.510676,0.518798
0.580518,0.575235
0.445779,0.391134
0.772342,0.588590
0.500466,0.344967
0.024563,0.104549
0.415975,0.961728
0.116069,0.940676
0.141675,0.311890
0.455333,0.206867
0.482926,0.476163
0.438166,0.696763
0.318909,0.300264
0.810186,0.115085
0.849180,0.647970
0.677139,0.164354
0.983900,0.243913
0.174453,0.160136
0.559849,0.958463
0.231856,0.405047
0.184452,0.640479
0.432134,0.029192
0.614107,0.197324
0.592203,0.388836
0.704736,0.205784
0.752325,0.808730
0.062564,0.101752
0.871979,0.186960
0.325985,0.457550
0.262353,0.862637
0.527715,0.639109
0.596971,0.611308
0.587005,0.347925
0.845518,0.617363
0.813738,0.705988
0.297445,0.614485
0.084752,0.133948
0.117862,0.305380
0.183045,0.693437
0.510825,0.418239
0.137867,0.383710
0.185754,0.635502
0.693433,0.645260
0.999900,0.554913
0.489642,0.140297
0.314580,0.451001
0.053611,0.359039
0.009583,0.136535
0.815216,0.963829
0.505438,0.494970
0.684697,0.415630
0.839892,0.488700
0.082671,0.030861
0.761057,0.292090
0.274853,0.537609
0.168209,0.457321
0.742518,0.765920
0.549726,0.113211
0.114207,0.775113
0.823283,0.366862
0.822611,0.041611
0.718980,0.546353
0.989776,0.102416
0.830071,0.751345
0.297709,0.999313
0.449732,0.348577
0.816729,0.439070
0.993958,0.775632
0.236946,0.810703
0.587924,0.350631
0.710754,0.632771
0.165982,0.139235
0.206620,0.206943
0.059358,0.350815
0.281085,0.538769
0.323654,0.704054
0.289333,0.267343
0.858017,0.985488
0.679299,0.095225
0.962772,0.785691
0.918769,0.992486
0.867048,0.126888
0.866079,0.249677
0.711395,0.828482
0.761474,0.676235
0.489459,0.577426
0.268717,0.414225
0.451992,0.633628
0.880125,0.093095
0.515613,0.278226
0.936336,0.369071
0.950254,0.327289
0.002473,0.774135
0.732724,0.730932
0.458449,0.664144
0.358223,0.063331
0.534424,0.217830
0.429643,0.211851
0.268537,0.828344
0.337755,0.577934
0.566142,0.485338
0.343740,0.682552
0.048409,0.099575
0.783890,0.459582
0.124237,0.857652
0.441286,0.000676
0.958032,0.202318
0.688592,0.131913
0.649997,0.158977
0.932726,0.274019
0.654588,0.250389
0.371844,0.903800
0.165525,0.396342
0.305509,0.699441
0.234144,0.655485
0.703698,0.001086
0.476807,0.132700
0.226191,0.679983
0.009287,0.695597
0.817109,0.988155
0.422314,0.132175
0.070828,0.383070
0.730763,0.102427
0.313351,0.880989
0.137129,0.773460
0.753158,0.133146
0.992940,0.142853
0.530508,0.008475
0.650020,0.440099
0.722432,0.628080
0.151374,0.411710
0.686566,0.859963
0.086688,0.100465
0.752446,0.589574
0.384032,0.963249
0.314504,0.139830
0.276968,0.084249
0.553397,0.600008
0.607593,0.778970
0.690476,0.847892
0.658405,0.301649
0.517749,0.509523
0.747844,0.295542
0.054569,0.897913
0.954672,0.494888
0.112744,0.499583
0.593930,0.528287
0.977697,0.986883
0.933924,0.131983
0.860814,0.568380
0.365412,0.682942
0.762726,0.954453
0.770367,0.016689
0.067533,0.262185
0.039827,0.060469
0.789290,0.506611
0.628571,0.501049
0.415432,0.701811
0.082428,0.536565
0.616047,0.277468
0.309907,0.511305
0.203197,0.808060
0.536390,0.390732
0.634294,0.834526
0.681056,0.066115
0.698676,0.729958
0.846468,0.057906
0.086213,0.434484
0.453372,0.608832
0.309290,0.741694
0.740658,0.119443
0.707901,0.701500
0.163833,0.953016
0.523005,0.782987
0.720766,0.166963
0.126931,0.781124
0.268764,0.886415
0.771430,0.029356
0.807108,0.271981
0.063872,0.712323
0.576652,0.077070
0.455198,0.360124
0.499610,0.566886
0.367688,0.255116
0.102905,0.573912
0.722778,0.228404
0.508825,0.044038
0.862928,0.244551
0.471765,0.382979
0.150085,0.931160
0.857485,0.552865
0.913948,0.740666
0.419369,0.321802
0.416257,0.720288
0.271258,0.077887
0.372808,0.502041
0.901941,0.179344
0.804338,0.981414
0.954079,0.068926
0.465094,0.282307
0.844847,0.327301
0.553091,0.007969
0.200671,0.563807
0.303909,0.622718
0.463927,0.591691
0.493361,0.772613
0.195422,0.900443
0.760482,0.245127
0.006378,0.410036
0.232998,0.346424
0.839574,0.877199
0.950990,0.001462
0.657304,0.849006
0.727215,0.103949
0.529814,0.238168
0.492029,0.059895
0.996959,0.711652
0.093027,0.921274
0.897287,0.519759
0.700847,0.372492
0.974555,0.084902
0.095577,0.133514
0.819963,0.074830
0.567821,0.434983
0.964218,0.236772
0.260991,0.315009
0.800817,0.700726
0.735353,0.318058
0.271956,0.074687
0.202713,0.779937
0.584708,0.155411
0.164375,0.466055
0.406513,0.535925
0.964635,0.207636
0.308308,0.265008
0.119914,0.157615
0.686055,0.826387
0.696878,0.040330
0.835925,0.327794
0.091213,0.248219
0.355743,0.513460
0.677183,0.260167
0.990677,0.031082
0.404392,0.452201
0.748078,0.249853
0.462043,0.803897
0.139793,0.011957
0.830372,0.982567
0.130715,0.823673
0.372240,0.630298
0.644685,0.582324
0.258821,0.812747
0.021800,0.064472
0.902496,0.443431
0.128792,0.905078
0.829356,0.331550
0.042696,0.460995
0.167989,0.573884
0.821685,0.394999
0.029482,0.683213
0.172807,0.214716
0.187151,0.279855
0.883424,0.034649
0.619177,0.245785
0.295105,0.411992
0.550689,0.060979
0.279776,0.137236
0.199458,0.884653
0.525814,0.630754
0.802168,0.794846
0.989404,0.781916
0.359112,0.544518
0.484679,0.912677
0.502393,0.388381
0.179816,0.318878
0.219020,0.895765
0.778538,0.058591
0.991531,0.529432
0.766842,0.999606
0.973980,0.100134
0.656864,0.266527
0.816285,0.917259
0.055909,0.996392
0.219412,0.846505
0.797391,0.354805
0.839222,0.845221
0.176100,0.592520
0.806210,0.697627
0.913980,0.028207
0.700561,0.947559
0.563606,0.563109
0.188234,0.988006
0.881626,0.492227
0.309053,0.490436
0.090257,0.232623
0.218809,0.526449
0.000683,0.917896
0.201464,0.130490
0.716938,0.918781
0.844284,0.323589
0.021913,0.586609
0.917224,0.774366
0.846481,0.860669
0.960559,0.373591
0.941923,0.395596
0.101032,0.301765
0.136452,0.157504
0.948694,0.791843
0.960662,0.649180
0.174203,0.968743
0.693560,0.928845
0.786992,0.223237
0.588950,0.175352
0.306823,0.688498
0.127348,0.728831
0.948788,0.948698
0.391601,0.994283
0.965184,0.032383
0.602389,0.921038
0.967532,0.220895
0.565550,0.936688
0.140643,0.745343
0.237996,0.982380
0.167887,0.885320
0.088726,0.708966
0.639103,0.886654
0.446630,0.265212
0.249541,0.067795
0.256658,0.108035
0.001281,0.385937
0.732584,0.969102
0.884552,0.493082
0.378713,0.546024
0.101429,0.479489
0.864051,0.650970
0.687160,0.162657
0.073709,0.845762
0.294909,0.318717
0.951662,0.074200
0.170105,0.375458
0.731985,0.547046
0.898124,0.093105
0.594031,0.613645
0.482737,0.030993
0.942442,0.164997
0.889753,0.157104
0.101258,0.205550
0.189984,0.697197
0.722038,0.729974
0.265265,0.281523
0.237548,0.049635
0.571770,0.839855
0.153590,0.360829
0.427606,0.294549
0.662020,0.600216
0.199675,0.025736
0.170832,0.291811
0.081936,0.843769
0.308353,0.397467
0.489097,0.661040
0.091137,0.544126
0.184881,0.885493
0.369402,0.445775
0.263296,0.465058
0.226242,0.268562
0.061639,0.752235
0.667468,0.085707
0.343791,0.541449
0.970706,0.589726
0.553602,0.840797
0.818405,0.418632
0.535514,0.866894
0.474824,0.881654
0.476262,0.078955
0.902777,0.714306
0.502101,0.900455
0.800450,0.677535
0.620273,0.120282
0.757189,0.172879
0.984368,0.972165
0.808461,0.126186
0.423375,0.988280
0.435393,0.997269
0.627226,0.834108
0.257886,0.910804
0.914174,0.067012
0.388099,0.397355
0.326127,0.276201
0.458157,0.873466
0.786551,0.623058
0.522562,0.419594
0.414442,0.148200
0.587934,0.758377
0.939650,0.924928
0.562684,0.100990
0.286093,0.535633
0.343869,0.410890
0.383043,0.485585
0.608962,0.037466
0.275414,0.143853
0.608655,0.693661
0.038783,0.889574
0.331494,0.237579
0.745750,0.920835
0.897031,0.020233
0.817386,0.303055
0.280347,0.491619
0.696183,0.098217
0.868900,0.134386
0.974219,0.443111
0.825823,0.269420
0.416773,0.645555
0.187936,0.211391
0.823969,0.740945
0.759493,0.867189
0.821017,0.515270
0.158972,0.311123
0.506795,0.135650
0.851295,0.879333
0.028948,0.192763
0.832930,0.836977
0.249490,0.456449
0.918031,0.704634
0.273977,0.823506
0.505126,0.635410
0.123873,0.030563
0.372467,0.594044
0.177584,0.870481
0.586880,0.349760
0.163514,0.894492
0.748961,0.688851
0.285069,0.386566
0.162907,0.572258
0.964918,0.857111
0.647380,0.677695
0.269084,0.409507
0.020052,0.780304
0.767573,0.008898
0.911515,0.647372
0.601142,0.008464
0.252390,0.805086
0.305460,0.967024
0.642740,0.423807
0.376475,0.348709
0.251999,0.466698
0.677196,0.824311
0.397153,0.102312
0.511514,0.662355
0.843284,0.374230
0.647342,0.609050
0.298476,0.108105
0.063837,0.988361
0.640595,0.861492
0.261147,0.711094
0.892374,0.298791
0.149929,0.765474
0.899687,0.805430
0.802364,0.600033
0.660530,0.680756
0.721283,0.655401
0.997469,0.259426
0.418566,0.388275
0.035319,0.708069
0.572042,0.189915
0.726550,0.222363
0.534635,0.784897
0.906527,0.671868
0.507315,0.845419
0.840639,0.876495
0.181136,0.097603
0.127944,0.258652
0.808344,0.762918
0.183068,0.679712
0.335632,0.089300
0.355283,0.744210
0.307085,0.788090
0.331317,0.260559
0.294051,0.851214
0.470537,0.866393
0.583575,0.944301
0.071216,0.889426
0.500477,0.867498
0.381669,0.298356
0.054062,0.854240
0.137365,0.200297
0.409192,0.569404
0.906621,0.457571
0.316383,0.715668
0.778941,0.487581
0.631033,0.176824
0.634499,0.004714
0.273528,0.761193
0.168606,0.764484
0.489577,0.763569
0.088041,0.614480
0.633488,0.403393
0.965328,0.383316
0.037725,0.199414
0.373101,0.014077
0.322213,0.833229
0.190577,0.676748
0.626687,0.248823
0.693525,0.344350
0.128931,0.383550
0.588671,0.167020
0.823844,0.298202
0.290828,0.727832
0.596370,0.337835
0.887974,0.995472
0.342733,0.901384
0.359251,0.188426
0.948084,0.918205
0.403392,0.228418
0.727169,0.131206
0.734077,0.589693
0.168985,0.366591
0.650540,0.037363
0.876544,0.255789
0.534733,0.048587
0.994680,0.661970
0.653568,0.019742
0.689750,0.416776
0.380254,0.547282
0.474396,0.153127
0.695192,0.630311
0.301116,0.661665
0.662483,0.269977
0.605634,0.137164
0.830653,0.104914
0.718766,0.117735
0.114013,0.106264
0.198647,0.199749
0.262994,0.523146
0.201673,0.703437
0.295351,0.039406
0.496355,0.207694
0.933124,0.330604
0.002738,0.671633
0.906880,0.835232
0.669022,0.149144
0.090083,0.511705
0.723564,0.101290
0.255892,0.231160
0.988666,0.296022
0.464277,0.099809
0.174702,0.039445
0.290567,0.801596
0.312707,0.738540
0.094998,0.758204
0.045889,0.851999
0.663355,0.170512
0.357527,0.437715
0.621807,0.878476
0.092951,0.814964
0.182869,0.400778
0.962310,0.271833
0.385715,0.850672
0.799899,0.648846
0.796910,0.113057
0.696170,0.058646
0.942467,0.159395
0.416028,0.590750
0.802265,0.678393
0.181261,0.379751
0.358599,0.028816
0.684464,0.838536
0.973445,0.130655
0.920398,0.112937
0.411284,0.045972
0.261613,0.314238
0.704568,0.677929
0.767529,0.576649
0.565012,0.977896
0.669844,0.338301
0.523103,0.700580
0.095242,0.661713
0.248577,0.345749
0.676296,0.384877
0.839033,0.558344
0.987792,0.054566
0.643399,0.156927
0.848846,0.851871
0.869416,0.074865
0.491648,0.240892
0.970145,0.050351
0.222707,0.643317
0.403277,0.235000
0.459095,0.801261
0.448099,0.856589
0.447068,0.118707
0.497373,0.653373
0.102643,0.412339
0.557131,0.000170
0.090896,0.604203
0.619066,0.304598
0.508338,0.206851
0.671474,0.950355
0.363342,0.054275
0.222918,0.454460
0.560151,0.619758
0.473134,0.657167
0.715914,0.114023
0.759320,0.221747
0.341357,0.829884
0.964434,0.291984
0.521985,0.702096
0.045778,0.164155
0.140449,0.716856
0.721559,0.106962
0.610852,0.187543
0.930216,0.392896
0.457046,0.781420
0.716788,0.107766
0.414470,0.926627
0.837466,0.588811
0.772145,0.450505
0.658457,0.956190
0.134636,0.498829
0.530364,0.048572
0.935308,0.838816
0.482932,0.508333
0.921162,0.177202
0.578554,0.730495
0.128382,0.387406
0.600546,0.882696
0.504110,0.384663
0.979501,0.915910
0.762375,0.273596
0.963594,0.970492
0.452846,0.133372
0.412745,0.700014
0.748427,0.298913
0.701494,0.860708
0.711874,0.935512
0.632583,0.200889
0.624168,0.290579
0.345294,0.672374
0.981335,0.650086
0.958326,0.503893
0.694312,0.322381
0.115405,0.352238
0.480370,0.570638
0.667157,0.417478
0.747869,0.841389
0.285928,0.847301
0.808305,0.522730
0.025272,0.145327
0.670254,0.199902
0.750185,0.160935
0.286616,0.250561
0.839382,0.690595
0.295141,0.753594
0.032306,0.814026
0.102480,0.868035
0.739492,0.864841
0.742413,0.561271
0.237595,0.784307
0.798822,0.287639
0.664494,0.926485
0.387555,0.956702
0.975823,0.312654
0.552125,0.012965
0.251341,0.620562
0.780925,0.870118
0.829983,0.911486
0.704629,0.647632
0.755108,0.546615
0.603387,0.776147
0.964290,0.294178
0.177426,0.682659
0.186977,0.173795
0.513847,0.377198
0.428508,0.556599
0.130067,0.583986
0.255016,0.330563
0.709689,0.154806
0.153703,0.322630
0.050855,0.932382
0.615609,0.661890
0.490551,0.572677
0.358086,0.784031
0.317859,0.219962
0.183869,0.068176
0.505140,0.415931
0.537036,0.091946
0.221198,0.213354
0.331884,0.360798
0.218445,0.752656
0.530499,0.996631
0.823688,0.981133
0.008804,0.668938
0.445667,0.904496
0.613701,0.621132
0.958897,0.682551
0.320937,0.915932
0.944988,0.385876
0.540237,0.282829
0.911336,0.822109
0.374958,0.802817
0.445557,0.043852
0.898282,0.192512
0.513895,0.948212
0.167395,0.956276
0.537975,0.007331
0.065472,0.670335
0.773582,0.864951
0.424209,0.103927
0.537754,0.702743
0.976224,0.775207
0.646561,0.939751
0.746891,0.153755
0.459225,0.331715
0.087521,0.054268
0.794215,0.558084
0.574962,0.227646
0.258648,0.388033
0.630217,0.433025
0.016891,0.673299
0.534834,0.641423
0.618349,0.755961
0.585608,0.700882
0.072589,0.928048
0.106136,0.786892
0.301351,0.086505
0.765274,0.437676
0.395113,0.660723
0.473988,0.533468
0.136381,0.390993
0.797485,0.545724
0.960134,0.144076
0.677289,0.914169
0.795017,0.729325
0.373131,0.949465
0.553524,0.555070
0.123235,0.005030
0.596655,0.537152
0.946979,0.304691
0.748297,0.903546
0.343852,0.412654
0.645932,0.512553
0.160954,0.220788
0.834748,0.194326
0.181358,0.799660
0.852251,0.851388
0.932370,0.994313
0.461265,0.549665
0.290653,0.067363
0.098202,0.725589
0.487190,0.330851
0.128215,0.655473
0.100045,0.619516
0.900119,0.317786
0.450646,0.616342
0.305675,0.584170
0.565552,0.364493
0.316333,0.428307
0.004832,0.246175
0.221526,0.739816
0.436124,0.840110
0.134306,0.732973
0.877886,0.462848
0.358742,0.305472
0.551672,0.175770
0.606628,0.841793
0.858714,0.140002
0.538618,0.263235
0.886336,0.076462
0.075400,0.018630
0.507178,0.031194
0.581890,0.405134
0.590036,0.906304
0.551594,0.543469
0.998728,0.472104
0.775197,0.365819
0.223307,0.772145
0.733227,0.290999
0.464701,0.510412
0.396785,0.502167
0.662678,0.847982
0.806540,0.614036
0.165844,0.514137
0.446220,0.179145
0.948712,0.659413
0.967736,0.735920
0.483503,0.358796
0.218819,0.487642
0.062861,0.369435
0.042808,0.206774
0.907726,0.361251
0.469674,0.454643
0.046437,0.980590
0.324071,0.703736
0.521373,0.829647
0.834872,0.263316
0.544350,0.173850
0.653675,0.365297
0.653337,0.835469
0.516663,0.376329
0.907242,0.516372
0.352898,0.867719
0.486862,0.482110
0.604211,0.501837
0.138968,0.165606
0.077088,0.643477
0.211517,0.186906
0.362223,0.717303
0.118330,0.230346
0.811173,0.720256
0.481517,0.478815
0.210704,0.161246
0.833365,0.022446
0.043144,0.573487
0.161129,0.629540
0.039191,0.572269
0.055912,0.258260
0.180038,0.958238
0.599358,0.563605
0.018620,0.719547
0.661745,0.283455
0.085749,0.449203
0.992776,0.867302
0.170567,0.830364
0.600839,0.794616
0.820453,0.181884
0.659649,0.264521
0.724187,0.342671
0.453470,0.590596
0.229814,0.385462
0.108570,0.202349
0.859592,0.504360
0.419795,0.149561
0.096299,0.475869
0.614748,0.039037
0.783868,0.503329
0.117516,0.482241
0.130329,0.603475
0.827522,0.896969
0.774870,0.649232
0.522044,0.370377
0.043438,0.529817
0.229486,0.802300
0.789556,0.381236
0.589048,0.741394
0.761539,0.696708
0.097717,0.133883
0.477141,0.232513
0.859053,0.283267
0.876766,0.408647
0.189021,0.709149
0.789422,0.577987
0.117829,0.007194
0.654546,0.687767
0.315902,0.362270
0.154779,0.651576
0.253633,0.854977
0.423562,0.365644
0.275561,0.680606
0.754972,0.413228
0.783788,0.482468
0.370213,0.554911
0.253778,0.306653
0.344356,0.705495
0.735782,0.854999
0.659283,0.747814
0.446595,0.699311
0.161795,0.214458
0.400561,0.338438
0.550576,0.697057
0.706790,0.160738
0.964570,0.005291
0.091089,0.145328
0.925862,0.435377
0.064080,0.221770
0.080040,0.037755
0.384326,0.984448
0.613966,0.521006
0.711606,0.597473
0.945716,0.820229
0.640291,0.438972
0.201707,0.656884
0.803910,0.286007
0.033609,0.599515
0.515814,0.231671
0.169483,0.036061
0.239257,0.000287
0.157445,0.996817
0.779673,0.353128
0.395143,0.586080
0.517743,0.736926
0.068617,0.090166
0.284494,0.829765
0.915009,0.348095
0.963288,0.276508
0.606363,0.194525
0.929714,0.574907
0.261108,0.407135
0.106465,0.072386
0.294252,0.947015
0.802942,0.956709
0.876113,0.813147
0.574894,0.694192
0.966055,0.563169
0.769967,0.757473
0.961239,0.458848
0.460720,0.586827
0.027351,0.116268
0.067554,0.633662
0.994198,0.676913
0.229930,0.315731
0.955446,0.516504
0.009723,0.832177
0.248258,0.093009
0.673698,0.821075
0.076029,0.931396
0.476555,0.353538
0.894316,0.269076
0.947118,0.683107
0.909927,0.498999
0.199667,0.735429
0.872742,0.206779
0.202767,0.249695
0.618597,0.155996
0.106689,0.920188
0.675812,0.663424
0.613827,0.764244
0.541474,0.042263
0.482292,0.620667
0.492340,0.985361
0.897000,0.868769
0.490805,0.984395
0.916007,0.280267
0.222093,0.576665
0.054148,0.799270
0.478320,0.540768
0.502475,0.393717
0.686339,0.174800
0.976507,0.698245
0.460071,0.689211
0.011820,0.210752
0.581008,0.325436
0.612778,0.259701
0.548563,0.237139
0.471345,0.613084
0.365924,0.498770
0.210532,0.700713
0.372310,0.854326
0.279630,0.179889
0.131139,0.575893
0.228567,0.099870
0.269949,0.235805
0.432219,0.380883
0.145844,0.959148
0.149548,0.805668
0.176607,0.499598
0.995562,0.849390
0.517007,0.720560
0.785333,0.300034
0.562138,0.567835
0.398402,0.690543
0.060036,0.813818
0.476539,0.629862
0.449855,0.334657
0.360962,0.560350
0.931845,0.257715
0.019835,0.121237
0.867369,0.963117
0.198958,0.575894
0.649131,0.174539
0.780309,0.355109
0.673193,0.487494
0.736526,0.889632
0.381071,0.286524
0.631712,0.144848
0.167576,0.807717
0.337388,0.631273
0.571638,0.848901
0.071344,0.161999
0.228218,0.316878
0.291356,0.267472
0.644644,0.271248
0.444898,0.862806
0.363165,0.586920
0.965526,0.413989
0.183886,0.023101
0.727772,0.662023
0.940437,0.700697
0.080065,0.166910
0.103009,0.063792
0.878691,0.548434
0.026365,0.397013
0.764996,0.083251
0.262452,0.155274
0.654833,0.885471
0.309371,0.247397
0.284175,0.626481
0.131277,0.838518
0.028571,0.663549
0.860369,0.325201
0.476155,0.974982
0.540584,0.272414
0.444845,0.969542
0.697623,0.177037
0.597584,0.631048
0.635851,0.563984
0.523460,0.639528
0.309661,0.347168
0.539668,0.804708
0.441860,0.365783
0.259807,0.303573
0.000092,0.815380
0.847946,0.343885
0.469198,0.008317
0.922088,0.946958
0.477067,0.009133
0.430435,0.292923
0.231215,0.007218
0.373644,0.411736
0.560554,0.394752
0.163269,0.737118
0.389723,0.378358
0.262980,0.422239
0.239562,0.764538
0.909954,0.807575
0.684640,0.284677
0.742927,0.808809
0.412904,0.853482
0.182407,0.289595
0.636893,0.617729
0.272134,0.622754
0.187789,0.019395
0.049632,0.534971
0.185938,0.102273
0.269195,0.715196
0.727107,0.232810
0.150684,0.493580
0.341913,0.311577
0.799462,0.997963
0.463684,0.791425
0.330249,0.843546
0.951644,0.056038
0.775653,0.071385
0.470147,0.192192
0.841539,0.817251
0.828252,0.121962
0.768146,0.248962
0.771225,0.442961
0.737619,0.033510
0.460835,0.770996
0.521139,0.982116
0.472826,0.681442
0.312109,0.323063
0.629164,0.042186
0.937421,0.520926
0.253313,0.638520
0.198724,0.887520
0.863658,0.217788
0.112928,0.632909
0.324513,0.167360
0.276100,0.119650
0.789144,0.008930
0.041993,0.783475
0.475271,0.596212
0.371399,0.089480
0.157698,0.091402
0.618645,0.930849
0.996973,0.625132
0.059775,0.644575
0.701328,0.791466
0.125827,0.232675
0.981676,0.788562
0.756698,0.805525
0.438719,0.192965
0.689250,0.358167
0.134732,0.898663
0.485302,0.437500
0.294715,0.697038
0.189776,0.186627
0.347665,0.732402
0.275324,0.831350
0.914474,0.554520
0.068877,0.155025
0.295673,0.263349
0.367113,0.000720
0.638026,0.379044
0.185534,0.018720
0.856829,0.776017
0.238787,0.721004
0.658289,0.538957
0.387491,0.524070
0.497549,0.551468
0.613039,0.322600
0.640904,0.110464
0.523201,0.066680
0.835193,0.129774
0.873493,0.202079
0.485370,0.098754
0.571012,0.836300
0.657921,0.525821
0.701314,0.255939
0.366354,0.605954
0.070874,0.930211
0.208738,0.491406
0.889767,0.079957
0.801020,0.060700
0.558020,0.938244
0.415953,0.369069
0.708434,0.823643
0.265816,0.040653
0.070388,0.303905
0.944603,0.960587
0.097119,0.725172
0.531661,0.189460
0.526192,0.248763
0.625325,0.178898
0.749194,0.415185
0.105514,0.638624
0.357963,0.458721
0.665242,0.882824
0.166809,0.180397
0.401557,0.337513
0.158176,0.998434
0.443012,0.352324
0.315155,0.991463
0.324654,0.371720
0.764184,0.430588
0.725868,0.608413
0.563145,0.213928
0.765708,0.926147
0.254089,0.961652
0.447500,0.397091
0.726313,0.982956
0.595763,0.517609
0.993412,0.301842
0.300334,0.221887
0.855720,0.021701
0.821940,0.689719
0.275957,0.553663
0.556323,0.925922
0.154715,0.037736
0.355656,0.138408
0.367083,0.582156
0.232994,0.811074
0.091905,0.399798
0.917882,0.734266
0.723581,0.792904
0.172902,0.825705
0.689595,0.576232
0.907656,0.595231
0.300393,0.730789
0.576284,0.078477
0.055923,0.770902
0.347930,0.817142
0.416522,0.867831
0.869787,0.226718
0.652779,0.602302
0.011434,0.777419
0.382487,0.304783
0.041182,0.539930
0.149580,0.502402
0.220797,0.050520
0.731579,0.392883
0.445616,0.595132
0.504729,0.222086
0.289783,0.394322
0.132189,0.082545
0.571441,0.049311
0.399191,0.085079
0.501823,0.773825
0.130375,0.134871
0.559296,0.487861
0.652248,0.196099
0.615997,0.735668
0.246246,0.071644
0.776772,0.323412
0.924138,0.089595
0.671748,0.423541
0.348308,0.320738
0.593877,0.024207
0.304819,0.987652
0.616221,0.990159
0.442210,0.145818
0.044878,0.818172
0.199685,0.373821
0.757734,0.852764
0.112372,0.054538
0.948941,0.926730
0.868752,0.820134
0.013733,0.693795
0.111278,0.450062
0.022748,0.209010
0.538005,0.203801
0.523266,0.258658
0.483026,0.729924
0.141347,0.698755
0.018389,0.583005
0.663528,0.043482
0.170320,0.284014
0.789188,0.617965
0.053085,0.654758
0.008334,0.388645
0.271310,0.852083
0.660100,0.864282
0.019078,0.867410
0.649411,0.231169
0.380701,0.976612
0.099604,0.315456
0.866773,0.531561
0.186417,0.500651
0.457986,0.926350
0.021488,0.247392
0.529415,0.333570
0.393400,0.157005
0.346780,0.351913
0.625231,0.236205
0.978244,0.501251
0.811893,0.625792
0.878677,0.890402
0.814859,0.029466
0.554939,0.280194
0.151708,0.897175
0.656932,0.087795
0.382207,0.960606
0.612448,0.625525
0.227428,0.240361
0.152749,0.970537
0.909735,0.329285
0.542234,0.206757
0.138577,0.541354
0.800105,0.862588
0.308998,0.705136
0.523805,0.135252
0.995686,0.975777
0.145152,0.933030
0.917112,0.317496
0.557340,0.948602
0.118387,0.317598
0.879638,0.727080
0.765435,0.880132
0.414040,0.411252
0.443004,0.933769
0.894130,0.933250
0.273796,0.779108
0.106771,0.184746
0.762447,0.611982
0.266863,0.567043
0.230911,0.232183
0.687378,0.359261
0.688141,0.476602
0.502325,0.604712
0.712019,0.373959
0.852129,0.491446
0.137513,0.193260
0.032230,0.764539
0.015014,0.269859
0.413044,0.742367
0.988243,0.757777
0.066136,0.927103
0.985628,0.867129
0.489943,0.324896
0.457545,0.246784
0.404867,0.041826
0.735332,0.380374
0.312897,0.611505
0.742468,0.593806
0.525231,0.875783
0.786920,0.520649
0.451610,0.827010
0.042416,0.995836
0.518703,0.395611
0.735170,0.557701
0.516127,0.630649
0.049295,0.291179
0.398040,0.304554
0.827621,0.461347
0.422462,0.613134
0.054547,0.516970
0.142240,0.829894
0.451698,0.722647
0.113172,0.778731
0.937842,0.696114
0.135307,0.413559
0.450886,0.178879
0.590315,0.712634
0.201932,0.454683
0.250082,0.691717
0.907162,0.796486
0.718375,0.123544
0.114165,0.449398
0.362943,0.523817
0.384087,0.791067
0.511666,0.949754
0.378679,0.380607
0.768260,0.912253
0.565492,0.659530
0.150090,0.868819
0.178867,0.712047
0.419582,0.309518
0.768630,0.446258
0.626453,0.117554
0.131571,0.202852
0.622560,0.253111
0.458643,0.855411
0.543501,0.005751
0.882703,0.237878
0.588862,0.475712
0.410151,0.079405
0.600102,0.244713
0.547342,0.619766
0.557549,0.825253
0.048919,0.148256
0.653277,0.036721
0.853829,0.666997
0.838014,0.298442
0.920385,0.049031
0.416957,0.178248
0.672090,0.611090
0.691514,0.594969
0.787308,0.177419
0.455338,0.578966
0.931480,0.093126
0.299294,0.368569
0.378939,0.067667
0.427324,0.550471
0.292833,0.134546
0.694619,0.274419
0.527053,0.524646
0.695829,0.612054
0.109302,0.729729
0.628979,0.987189
0.483663,0.688654
0.933892,0.986278
0.287187,0.608845
0.316489,0.525391
0.995024,0.353853
0.129713,0.562634
0.519706,0.631858
0.492504,0.179907
0.609406,0.708587
0.979258,0.001581
0.023987,0.625461
0.117926,0.848070
0.799564,0.998987
0.414041,0.333792
0.560416,0.637504
0.011297,0.201187
0.281627,0.790196
0.307773,0.506690
0.323924,0.006131
0.685836,0.341362
0.724397,0.615993
0.029117,0.175629
0.330515,0.337937
0.672473,0.916163
0.797254,0.645652
0.481496,0.627200
0.892058,0.536968
0.335110,0.783989
0.413953,0.742585
0.835106,0.299344
0.724964,0.315503
0.535885,0.208262
0.685493,0.799535
0.888029,0.353596
0.969613,0.280460
0.031173,0.983619
0.626511,0.842406
0.570982,0.389566
0.595192,0.864594
0.751540,0.705266
0.314499,0.031628
0.413870,0.497054
0.237642,0.451906
0.950727,0.216140
0.302318,0.112231
0.784944,0.777790
0.913354,0.443774
0.024935,0.482663
0.500054,0.190212
0.923637,0.732441
0.523628,0.775533
0.143295,0.871799
0.822139,0.938024
0.676717,0.132717
0.724571,0.459368
0.713677,0.522345
0.004110,0.932337
0.687052,0.594288
0.087076,0.466876
0.046140,0.520578
0.658984,0.312481
0.577560,0.312143
0.892136,0.320880
0.192546,0.276650
0.319150,0.441116
0.117651,0.149321
0.273637,0.015257
0.622945,0.514061
0.206577,0.350318
0.318485,0.141557
0.704354,0.283268
0.244825,0.071243
0.613263,0.338739
0.443648,0.130074
0.470736,0.675496
0.105927,0.053800
0.426466,0.178983
0.596121,0.592756
0.836174,0.699365
0.616315,0.312441
0.817442,0.712899
0.670870,0.533485
0.973682,0.755743
0.465695,0.131795
0.812851,0.919689
0.468276,0.455584
0.684478,0.710216
0.465397,0.231694
0.223794,0.861096
0.616942,0.912862
0.392077,0.699615
0.665181,0.788779
0.882404,0.453283
0.030264,0.475334
0.351441,0.461242
0.170802,0.767942
0.604440,0.127394
0.102932,0.817553
0.796758,0.325870
0.649451,0.792431
0.532746,0.400816
0.413442,0.620875
0.547949,0.973892
0.383816,0.340714
0.813916,0.590970
0.784314,0.435354
0.787327,0.544527
0.236154,0.662612
0.077894,0.930863
0.574188,0.486630
0.592163,0.462908
0.555088,0.822023
0.176174,0.955883
0.069608,0.108745
0.814067,0.771343
0.378911,0.494295
0.660165,0.090533
0.817034,0.887262
0.903256,0.636133
0.000184,0.146725
0.149216,0.531256
0.389983,0.577931
0.195667,0.681517
0.316598,0.570276
0.913204,0.304550
0.943333,0.434727
0.982580,0.344265
0.089287,0.008119
0.986422,0.404197
0.127556,0.294185
0.369223,0.548885
0.053127,0.703354
0.820753,0.359245
0.861248,0.865680
0.235241,0.702222
0.394268,0.318127
0.382790,0.381565
0.545119,0.662488
0.474871,0.188227
0.384595,0.924482
0.839963,0.154267
0.997456,0.670066
0.134277,0.071746
0.015708,0.721339
0.486701,0.436735
0.990218,0.084663
0.642243,0.415855
0.456029,0.788928
0.604430,0.425704
0.179797,0.509415
0.552050,0.450046
0.355307,0.185791
0.604573,0.577939
0.846804,0.236750
0.501729,0.410838
0.546166,0.366970
0.978233,0.568150
0.704883,0.113164
0.481533,0.690497
0.142087,0.731293
0.983579,0.983668
0.778870,0.464936
0.078235,0.889915
0.088446,0.472452
0.741686,0.960411
0.078082,0.633688
0.798098,0.312500
0.052774,0.343546
0.778527,0.468869
0.512663,0.469232
0.733815,0.421016
0.960581,0.798223
0.289208,0.035326
0.922865,0.749425
0.726972,0.563706
0.061418,0.473161
0.169079,0.051620
0.990365,0.808896
0.624317,0.286816
0.082510,0.505596
0.851445,0.277849
0.132539,0.280972
0.857858,0.014203
0.111549,0.174614
0.591770,0.151136
0.446653,0.807841
0.261253,0.700775
0.484919,0.799372
0.862014,0.342848
0.084401,0.145070
0.933942,0.154150
0.495948,0.993586
0.770368,0.237947
0.440185,0.637575
0.210857,0.734361
0.345076,0.642261
0.755484,0.115994
0.167600,0.398745
0.301367,0.746151
0.752428,0.532521
0.379801,0.705608
0.474590,0.145150
0.870278,0.011863
0.927223,0.448821
0.678493,0.961763
0.682876,0.041018
0.917712,0.637424
0.956184,0.431786
0.918042,0.858356
0.334967,0.267088
0.098277,0.654343
0.391154,0.773151
0.749091,0.734313
0.588724,0.194926
0.337407,0.690278
0.179917,0.547613
0.672802,0.831689
0.011961,0.097699
0.103907,0.445942
0.219416,0.283297
0.193080,0.023700
0.091941,0.938505
0.656606,0.835459
0.950489,0.638083
0.708075,0.119977
0.856441,0.129907
0.656395,0.899897
0.566069,0.967166
0.896002,0.695654
0.253336,0.466956
0.936182,0.638781
0.922695,0.276384
0.426983,0.903391
0.769881,0.323404
0.161966,0.073997
0.777106,0.382799
0.332655,0.060059
0.955606,0.264665
0.440575,0.491722
0.928586,0.610302
0.178442,0.492057
0.143873,0.768707
0.218386,0.643338
0.912609,0.715400
0.103287,0.072920
0.571345,0.250596
0.445882,0.896512
0.148854,0.640335
0.932894,0.664606
0.266436,0.700055
0.904618,0.574640
0.515383,0.939911
0.490679,0.436058
0.844049,0.780937
0.785382,0.540129
0.003307,0.954155
0.817977,0.482066
0.567244,0.935042
0.358918,0.681836
0.400615,0.632273
0.958824,0.090667
0.534626,0.960926
0.080457,0.459639
0.766508,0.647793
0.176618,0.039331
0.384164,0.191003
0.695882,0.896461
0.630617,0.359261
0.084862,0.632791
0.735324,0.139943
0.193093,0.719739
0.592945,0.489233
0.062993,0.540552
0.307731,0.533940
0.834250,0.449307
0.995834,0.037043
0.056054,0.787779
0.042815,0.118187
0.807104,0.667316
0.458370,0.678078
0.874255,0.148954
0.579346,0.924816
0.036878,0.141590
0.653832,0.471220
0.918019,0.045802
0.701297,0.130538
0.172249,0.049958
0.307337,0.793697
0.456185,0.170689
0.591042,0.817800
0.106331,0.497143
0.799175,0.220573
0.804454,0.426211
0.811521,0.982193
0.678398,0.324235
0.975853,0.575967
0.137329,0.836427
0.793102,0.764228
0.593085,0.335504
0.120745,0.141237
0.415154,0.696296
0.553408,0.438661
0.925676,0.040699
0.099968,0.847367
0.612442,0.777662
0.015630,0.486967
0.006350,0.179413
0.089141,0.651756
0.886915,0.416222
0.807412,0.772563
0.692358,0.206160
0.639826,0.523087
0.412031,0.938090
0.610538,0.037621
0.180000,0.499888
0.950298,0.627192
0.782583,0.347854
0.004570,0.235639
0.117508,0.530199
0.095684,0.361901
0.761128,0.539723
0.219276,0.770331
0.659327,0.276427
0.193719,0.796613
0.685244,0.968574
0.474413,0.176324
0.670143,0.043116
0.644861,0.285065
0.434672,0.334295
0.805154,0.758408
0.043317,0.740417
0.924861,0.175888
0.785492,0.485061
0.116065,0.895079
0.721403,0.592707
0.325972,0.198751
0.676853,0.325685
0.778975,0.326132
0.098064,0.737748
0.869886,0.375532
0.220663,0.470990
0.484408,0.890489
0.144941,0.927887
0.454991,0.387330
0.136405,0.719821
0.632021,0.975556
0.202211,0.127212
0.692211,0.059652
0.136501,0.851651
0.458579,0.171201
0.343576,0.886409
0.603636,0.789547
0.637999,0.611528
0.169935,0.970136
0.855004,0.086474
0.856974,0.489213
0.995664,0.591581
0.836989,0.279171
0.730018,0.736179
0.246654,0.327296
0.579467,0.891823
0.591772,0.148970
0.573701,0.005078
0.980184,0.040059
0.470653,0.768606
0.033621,0.531122
0.479269,0.798018
0.821291,0.452441
0.240511,0.558487
0.012423,0.731786
0.949934,0.132712
0.295790,0.647640
0.090730,0.479783
0.304837,0.703304
0.857922,0.747287
0.024413,0.454841
0.771835,0.874199
0.405360,0.789859
0.370420,0.464296
0.633402,0.860383
0.070699,0.893434
0.332906,0.032714
0.425902,0.269789
0.946095,0.542435
0.794479,0.787692
0.080959,0.880847
0.735761,0.054812
0.945322,0.674653
0.887978,0.110967
0.365591,0.619133
0.365571,0.175267
0.558790,0.067006
0.709337,0.204713
0.981252,0.238633
0.113558,0.478493
0.939148,0.580119
0.959104,0.209794
0.745017,0.225437
0.352712,0.267358
0.680227,0.277145
0.063369,0.345227
0.486227,0.526683
0.122709,0.709825
0.678308,0.532855
0.292264,0.620951
0.799904,0.945365
0.808796,0.940876
0.065628,0.891903
0.457874,0.080170
0.897946,0.288373
0.956627,0.109365
0.275943,0.697082
0.496329,0.874993
0.520688,0.627276
0.293169,0.969575
0.541435,0.132027
0.346700,0.443860
0.644684,0.291517
0.062950,0.871794
0.232328,0.947449
0.644672,0.411692
0.342792,0.646051
0.326306,0.593357
0.696864,0.841908
0.445256,0.304082
0.131954,0.789348
0.171737,0.260007
0.484243,0.970724
0.769750,0.047319
0.353121,0.455927
0.166363,0.924132
0.711812,0.285247
0.973206,0.839332
0.692859,0.666356
0.153485,0.237905
0.041151,0.316626
0.126474,0.260407
0.184497,0.562487
0.034689,0.316944
0.343847,0.372915
0.539867,0.162598
0.301560,0.920434
0.404562,0.499417
0.145384,0.458041
0.320218,0.004294
0.738495,0.975601
0.331281,0.705451
0.473911,0.289827
0.944010,0.980690
0.573728,0.147083
0.565232,0.906881
0.442106,0.689147
0.731641,0.900174
0.139423,0.550960
0.308082,0.401630
0.840877,0.445973
0.092481,0.055034
0.641313,0.583431
0.222144,0.935665
0.277927,0.022549
0.538412,0.445458
0.671558,0.087377
0.511788,0.194450
0.317758,0.605078
0.943402,0.908447
0.361065,0.147946
0.853804,0.369630
0.372831,0.284650
0.351355,0.977524
0.874302,0.087599
0.727853,0.444220
0.992597,0.803686
0.288634,0.805673
0.970361,0.423832
0.896429,0.139568
0.587180,0.086078
0.207784,0.474613
0.867526,0.986638
0.066116,0.960095
0.756114,0.088448
0.409461,0.914410
0.414514,0.555814
0.710247,0.755244
0.136927,0.186006
0.381770,0.553867
0.042233,0.826248
0.834585,0.303914
0.559281,0.463452
0.026840,0.002447
0.262677,0.956027
0.834243,0.472541
0.653813,0.892687
0.417157,0.491887
0.687843,0.244750
0.119355,0.277217
0.994333,0.066725
0.745566,0.581066
0.565575,0.868346
0.627996,0.476041
0.694245,0.119584
0.512526,0.575264
0.845280,0.162847
0.058510,0.319681
0.878317,0.135497
0.163309,0.272670
0.419514,0.912105
0.355984,0.289856
0.529612,0.936317
0.513866,0.766442
0.183247,0.094509
0.752629,0.543712
0.872443,0.826822
0.684967,0.301072
0.685444,0.688347
0.095833,0.580047
0.823315,0.012898
0.518171,0.373014
0.484899,0.340313
0.910788,0.102418
0.154555,0.221114
0.188417,0.897057
0.613428,0.831416
0.525653,0.532096
0.551113,0.756307
0.113967,0.460491
0.076400,0.818845
0.923410,0.479518
0.311573,0.362569
0.817039,0.889726
0.597649,0.763590
0.342045,0.709895
0.028760,0.814574
0.222358,0.856815
0.142359,0.226574
0.125344,0.130218
0.078605,0.690818
0.784030,0.077735
0.774692,0.757334
0.042517,0.107817
0.793055,0.513479
0.059265,0.118922
0.253012,0.066247
0.667586,0.754550
0.782371,0.920098
0.205401,0.901175
0.184782,0.351534
0.090779,0.845862
0.941845,0.948792
0.347837,0.160557
0.500634,0.728554
0.241823,0.570235
0.099106,0.578134
0.013984,0.216998
0.191548,0.281857
0.901660,0.537126
0.973580,0.098686
0.214015,0.504195
0.707756,0.366463
0.589381,0.439666
0.957748,0.180849
0.354822,0.379615
0.214274,0.227554
0.112845,0.984613
0.123615,0.110316
0.135912,0.762274
0.704731,0.557132
0.040609,0.328115
0.115723,0.283611
0.600390,0.312007
0.976179,0.443956
0.553916,0.290589
0.855366,0.188785
0.069609,0.841058
0.475677,0.679131
0.179297,0.998723
0.491648,0.105172
0.438058,0.658548
0.085006,0.143368
0.400624,0.590557
0.101722,0.925290
0.977853,0.064710
0.975207,0.338632
0.594961,0.990661
0.122762,0.838109
0.725201,0.278518
0.713494,0.581919
0.272973,0.789493
0.643831,0.400236
0.475826,0.603165
0.404444,0.484533
0.278891,0.768000
0.108037,0.250690
0.497274,0.628371
0.134608,0.099603
0.052852,0.068229
0.678107,0.972073
0.382633,0.679204
0.152737,0.621967
0.096334,0.076517
0.751610,0.767572
0.792731,0.201932
0.662093,0.490250
0.261665,0.343616
0.859672,0.546620
0.952580,0.031599
0.430406,0.914939
0.383630,0.314559
0.376337,0.459656
0.032860,0.556667
0.860361,0.303045
0.706059,0.491480
0.134488,0.715723
0.487455,0.109382
0.675025,0.660079
0.685374,0.572210
0.475911,0.854351
0.506685,0.391385
0.494691,0.970871
0.616940,0.352764
0.977783,0.320483
0.028147,0.045118
0.836934,0.348877
0.742057,0.026900
0.891343,0.341257
0.097350,0.345143
0.357366,0.351269
0.661240,0.247614
0.648083,0.592532
0.910389,0.065500
0.304912,0.337594
0.019712,0.326117
0.460909,0.863369
0.568049,0.901410
0.266619,0.695958
0.587989,0.985765
0.377738,0.390301
0.572539,0.808327
0.100057,0.675111
0.335967,0.502769
0.764904,0.339539
0.614828,0.363334
0.435991,0.496952
0.847334,0.787150
0.840380,0.535834
0.287356,0.047531
0.996228,0.402027
0.225886,0.742888
0.091958,0.844187
0.094734,0.336838
0.067270,0.801186
0.475268,0.209739
0.795652,0.651537
0.301847,0.804127
0.432910,0.539948
0.200077,0.402301
0.624964,0.453229
0.763442,0.180601
0.018603,0.703332
0.862710,0.576843
0.212953,0.962117
0.742208,0.467295
0.937163,0.532719
0.614422,0.769119
0.433724,0.566116
0.626758,0.522270
0.364275,0.147744
0.150473,0.685307
0.300276,0.435389
0.318653,0.830214
0.064428,0.203558
0.412438,0.823711
0.646043,0.256447
0.601232,0.405866
0.113559,0.191916
0.245587,0.827229
0.464160,0.559825
0.436133,0.646922
0.037004,0.159358
0.136431,0.258397
0.803538,0.658671
0.175985,0.852521
0.963787,0.485842
0.019909,0.859584
0.083930,0.601600
0.867172,0.900575
0.407007,0.363434
0.657431,0.090306
0.943162,0.724234
0.140560,0.111932
0.734480,0.932935
0.521958,0.828982
0.949675,0.931556
0.251808,0.884565
0.238077,0.122277
0.806687,0.329286
0.584326,0.389951
0.748374,0.235938
0.422869,0.144278
0.175154,0.969923
0.439475,0.254306
0.589481,0.490359
0.374705,0.948711
0.316490,0.423781
0.682738,0.963315
0.879434,0.936972
0.362998,0.715671
0.821365,0.021074
0.966805,0.605815
0.841473,0.662223
0.940848,0.690682
0.788803,0.239676
0.552728,0.309269
0.958484,0.362855
0.812250,0.122054
0.866953,0.857647
0.388471,0.909789
0.392976,0.977993
0.255534,0.090250
0.822708,0.235460
0.210386,0.890247
0.915891,0.631353
0.879467,0.766741
0.406289,0.033882
0.866445,0.823198
0.940495,0.471091
0.412961,0.841163
0.717386,0.876761
0.820241,0.824401
0.698482,0.506335
0.351856,0.602116
0.813428,0.737786
0.453262,0.027351
0.052099,0.641593
0.630156,0.791019
0.136092,0.400662
0.628296,0.313722
0.082232,0.157822
0.516366,0.969665
0.830621,0.763163
0.846960,0.685753
0.792642,0.319399
0.478365,0.735172
0.260680,0.687467
0.826769,0.799529
0.198664,0.414496
0.181889,0.876390
0.944757,0.884341
0.224487,0.948109
0.923112,0.647107
0.626627,0.906845
0.974128,0.198266
0.701261,0.168756
0.401035,0.428903
0.260158,0.089061
0.367920,0.947244
0.117351,0.718583
0.435159,0.919989
0.453708,0.673610
0.118512,0.713564
0.190544,0.861937
0.782122,0.287962
0.494168,0.130199
0.856338,0.600083
0.995207,0.282967
0.677189,0.418331
0.408524,0.145943
0.290193,0.261799
0.617680,0.907328
0.369638,0.684267
0.458164,0.010320
0.133205,0.323246
0.693024,0.686852
0.713336,0.708453
0.736104,0.256226
0.095279,0.058752
0.332863,0.234841
0.908227,0.996739
0.939322,0.967210
0.598232,0.748242
0.045512,0.253657
0.619658,0.302507
0.394697,0.370901
0.968058,0.559560
0.580487,0.260292
0.503747,0.930327
0.877897,0.131920
0.317317,0.530424
0.141796,0.116842
0.044162,0.127871
0.871680,0.834804
0.747823,0.926237
0.282926,0.876936
0.612932,0.761564
0.263758,0.313010
0.892672,0.315543
0.994565,0.763675
0.151265,0.853034
0.657419,0.798220
0.053222,0.148621
0.229861,0.035862
0.260224,0.705963
0.436430,0.995202
0.927206,0.040792
0.356520,0.709029
0.485200,0.492989
0.845838,0.866879
0.123654,0.093578
0.868173,0.180655
0.168295,0.508738
0.272792,0.890895
0.585677,0.583547
0.971627,0.526015
0.570788,0.416419
0.076835,0.768253
0.676909,0.887368
0.025962,0.681312
0.680639,0.394170
0.590338,0.951220
0.836977,0.153775
0.081063,0.830699
0.659539,0.454056
0.955202,0.594204
0.005805,0.969771
0.656173,0.950896
0.324915,0.731545
0.734320,0.957403
0.569158,0.211367
0.048682,0.643644
0.323171,0.055535
0.070724,0.951900
0.381391,0.398858
0.178011,0.965049
0.865516,0.089188
0.852346,0.162941
0.779493,0.284936
0.752559,0.654064
0.120602,0.490845
0.432358,0.806353
0.310101,0.684962
0.131287,0.665520
0.832053,0.512653
0.489623,0.885413
0.476440,0.563057
0.423071,0.756491
0.810994,0.613868
0.434106,0.426017
0.040438,0.341745
0.463525,0.224230
0.686237,0.155070
0.495322,0.629560
0.524678,0.290703
0.437356,0.907208
0.477611,0.148607
0.127790,0.902904
0.841538,0.523092
0.295482,0.047728
0.076533,0.045095
0.107632,0.424914
0.094484,0.660855
0.568478,0.253380
0.254860,0.081770
0.503445,0.113935
0.661578,0.179552
0.182208,0.392957
0.083291,0.876755
0.297648,0.587208
0.454998,0.670260
0.623810,0.265074
0.966720,0.871345
0.187192,0.185087
0.747029,0.604053
0.871616,0.106331
0.534376,0.005847
0.116678,0.171735
0.477120,0.691806
0.868781,0.965804
0.601887,0.486722
0.618499,0.973922
0.360729,0.673803
0.690293,0.394997
0.302657,0.125089
0.013876,0.111913
0.015885,0.970520
0.859012,0.209229
0.648623,0.649740
0.435788,0.626059
0.790012,0.190914
0.300918,0.463426
0.473989,0.021817
0.166105,0.152422
0.702598,0.963867
0.471489,0.859796
0.585226,0.201338
0.569430,0.833839
0.050922,0.007874
0.630410,0.713093
0.979487,0.848616
0.737078,0.595840
0.554305,0.290775
0.487497,0.486101
0.591039,0.611495
0.678668,0.816689
0.487901,0.714290
0.528309,0.422005
0.315850,0.063511
0.892877,0.417137
0.473338,0.494789
0.938964,0.346764
0.697514,0.020807
0.288011,0.192201
0.343847,0.232103
0.219702,0.909070
0.339153,0.602100
0.842467,0.656958
0.131159,0.293394
0.711385,0.959803
0.833081,0.673107
0.734585,0.795973
0.799755,0.844531
0.621842,0.282457
0.749254,0.667056
0.129097,0.199484
0.605749,0.100904
0.415984,0.993767
0.303652,0.209433
0.047049,0.018131
0.880906,0.357044
0.158605,0.827949
0.894457,0.031970
0.063666,0.430620
0.617563,0.120688
0.224096,0.257822
0.340324,0.355241
0.046676,0.877714
0.267491,0.151178
0.690136,0.515387
0.669486,0.706405
0.926632,0.437827
0.457136,0.841597
0.110931,0.105892
0.610573,0.782156
0.947383,0.823610
0.041969,0.105411
0.629926,0.870869
0.910986,0.157033
0.292123,0.441518
0.505897,0.732552
0.099294,0.647093
0.334608,0.137772
0.848595,0.439108
0.415750,0.769033
0.245316,0.809145
0.341320,0.505023
0.085234,0.372436
0.754845,0.360643
0.664995,0.151611
0.753507,0.421722
0.228182,0.801769
0.413409,0.409309
0.458753,0.852390
0.794607,0.361774
0.029763,0.145584
0.009949,0.806247
0.943643,0.084778
0.314805,0.981945
0.164325,0.061468
0.759192,0.660176
0.641466,0.902511
0.057810,0.631608
0.713370,0.660362
0.519778,0.295724
0.402003,0.680871
0.553610,0.304323
0.742698,0.909231
0.007902,0.279781
0.527792,0.920451
0.700295,0.446189
0.205134,0.544425
0.788342,0.652037
0.697471,0.887675
0.781563,0.404506
0.197296,0.301531
0.036970,0.334493
0.725099,0.740052
0.126006,0.991924
0.283928,0.092820
0.551786,0.521336
0.757046,0.160027
0.027891,0.796599
0.592504,0.241340
0.774158,0.726509
0.986955,0.110442
0.059946,0.372979
0.626990,0.354473
0.047733,0.650962
0.124750,0.297961
0.736859,0.453147
0.982951,0.805388
0.989000,0.565597
0.894339,0.627744
0.533289,0.595549
0.350337,0.284535
0.784789,0.714854
0.672434,0.714351
0.519667,0.247633
0.327847,0.582369
0.822843,0.361268
0.097988,0.711640
0.828438,0.081947
0.062194,0.888509
0.476253,0.446164
0.369294,0.526256
0.588239,0.518945
0.394782,0.263694
0.498827,0.423422
0.440080,0.931036
0.489541,0.973272
0.823812,0.144346
0.127124,0.711151
0.129385,0.704525
0.863272,0.118058
0.212643,0.473356
0.746496,0.944070
0.369332,0.951822
0.601600,0.408620
0.120866,0.571765
0.040282,0.153305
0.371467,0.991020
0.303260,0.485926
0.791204,0.142140
0.589624,0.048651
0.894253,0.889057
0.215581,0.819125
0.488794,0.122328
0.348649,0.870427
0.417575,0.573059
0.565764,0.900287
0.781349,0.475228
0.720033,0.605710
0.761951,0.504764
0.460936,0.449929
0.449075,0.866346
0.325216,0.799812
0.664502,0.409628
0.232822,0.395397
0.540994,0.958079
0.890043,0.735913
0.645917,0.865954
0.707209,0.571995
0.796159,0.707399
0.561044,0.123782
0.559353,0.192427
0.618704,0.576856
0.052874,0.570244
0.189396,0.475836
0.896864,0.120283
0.936182,0.179743
0.018974,0.786757
0.245287,0.705618
0.887656,0.444229
0.806921,0.606855
0.401798,0.044984
0.861974,0.023263
0.437017,0.414936
0.859648,0.317382
0.257178,0.114645
0.099334,0.168156
0.144034,0.255555
0.089629,0.306794
0.407276,0.169191
0.614475,0.325291
0.027171,0.058502
0.389940,0.320041
0.412823,0.324218
0.375513,0.827741
0.120966,0.202559
0.752134,0.586029
0.492979,0.752390
0.385049,0.115081
0.060632,0.464824
0.407076,0.484172
0.407494,0.233740
0.886156,0.269160
0.963475,0.675097
0.246316,0.554707
0.785214,0.304613
0.406746,0.083908
0.635799,0.203457
0.967912,0.373305
0.985309,0.782024
0.537536,0.423752
0.911493,0.451742
0.001001,0.464652
0.829372,0.289249
0.972082,0.000543
0.933507,0.482186
0.597868,0.839488
0.380154,0.351418
0.632207,0.585159
0.510328,0.045485
0.739183,0.563082
0.300638,0.395305
0.122977,0.139650
0.556479,0.279458
0.431962,0.610445
0.957417,0.318304
0.682101,0.342635
0.261361,0.752694
0.452718,0.245928
0.983022,0.341630
0.459799,0.599514
0.015875,0.691845
0.646443,0.002048
0.476529,0.901445
0.672706,0.413163
0.895268,0.703300
0.762465,0.538131
0.787305,0.649097
0.077523,0.030948
0.832084,0.671613
0.672246,0.352995
0.812781,0.827467
0.357966,0.177187
0.767966,0.697030
0.008431,0.462693
0.936248,0.444578
0.221521,0.019782
0.281134,0.921399
0.357821,0.089967
0.613443,0.303179
0.717810,0.234258
0.493809,0.362999
0.280756,0.904508
0.706968,0.209086
0.196087,0.821123
0.396086,0.869916
0.569102,0.494011
0.551785,0.659838
0.565707,0.682384
0.565140,0.065361
0.128246,0.065049
0.259624,0.569903
0.227965,0.523080
0.782253,0.191852
0.677979,0.991951
0.692986,0.532942
0.252921,0.560116
0.453926,0.937890
0.640966,0.943074
0.051863,0.938759
0.432548,0.995106
0.274036,0.680173
0.466587,0.361472
0.759022,0.883802
0.224548,0.277933
0.420062,0.448861
0.005159,0.194608
0.081809,0.571820
0.025372,0.737444
0.978096,0.423820
0.074440,0.249984
0.164482,0.310806
0.625995,0.096726
0.479966,0.808059
0.592531,0.626297
0.334303,0.250409
0.107841,0.238359
0.340802,0.054433
0.333588,0.794111
0.943548,0.775749
0.619567,0.764099
0.625349,0.578934
0.085535,0.060687
0.033344,0.313279
0.847692,0.065028
0.127536,0.919116
0.441918,0.301471
0.626185,0.065790
0.677564,0.559258
0.294917,0.381455
0.095830,0.751963
0.233112,0.599576
0.659724,0.010607
0.383920,0.795165
0.879938,0.619231
0.339616,0.937585
0.782929,0.454077
0.328194,0.192481
0.102690,0.595175
0.067544,0.789416
0.193615,0.573212
0.637364,0.256286
0.421007,0.724623
0.444624,0.243152
0.797026,0.060491
0.311667,0.435848
0.959741,0.754374
0.311188,0.885222
0.775496,0.147409
0.308674,0.342900
0.368830,0.008082
0.586440,0.678300
0.057318,0.507108
0.835175,0.858702
0.422061,0.195407
0.200372,0.908500
0.785264,0.341552
0.667860,0.694782
0.981923,0.599762
0.331145,0.578411
0.963065,0.616103
0.418695,0.162280
0.454302,0.789191
0.042192,0.219406
0.003697,0.223025
0.230274,0.623920
0.239019,0.734586
0.952588,0.331515
0.740081,0.205316
0.184245,0.989878
0.362817,0.073731
0.030018,0.115189
0.290576,0.194403
0.585686,0.765533
0.043905,0.029686
0.197825,0.174147
0.885382,0.718837
0.339817,0.554505
0.178541,0.021492
0.842881,0.910649
0.020994,0.677452
0.378923,0.787414
0.110969,0.936114
0.305072,0.240150
0.809488,0.660909
0.941162,0.977102
0.997695,0.881664
0.878388,0.065378
0.144432,0.924155
0.794898,0.191681
0.378196,0.374255
0.599549,0.976982
0.244550,0.046195
0.616028,0.189102
0.535468,0.789588
0.327681,0.053259
0.795612,0.872851
0.851503,0.968384
0.885834,0.209238
0.081408,0.470667
0.663502,0.064873
0.508614,0.751308
0.645072,0.509159
0.498588,0.464267
0.321823,0.373879
0.694510,0.715650
0.494792,0.268335
0.400946,0.921185
0.583983,0.036604
0.219526,0.203000
0.863168,0.395900
0.305999,0.888709
0.571370,0.935499
0.374107,0.550552
0.134330,0.084028
0.444505,0.351575
0.583962,0.465253
0.621126,0.426102
0.467551,0.408953
0.804504,0.317020
0.382371,0.179566
0.233790,0.645355
0.359093,0.082419
0.842603,0.512791
0.643654,0.785873
0.926606,0.098409
0.071349,0.038281
0.200307,0.196646
0.329241,0.302716
0.815565,0.683539
0.274465,0.705643
0.997996,0.998405
0.752383,0.739821
0.912383,0.008534
0.299474,0.822309
0.783128,0.403811
0.405758,0.579954
0.655309,0.472004
0.512647,0.761161
0.149281,0.397505
0.226926,0.749137
0.474438,0.515825
0.785975,0.757621
0.722510,0.461401
0.791915,0.313075
0.187847,0.770131
0.697941,0.209585
0.449972,0.558447
0.374700,0.577508
0.128346,0.943354
0.009681,0.810401
0.834299,0.339822
0.419147,0.685763
0.403369,0.778643
0.537604,0.326080
0.023240,0.785358
0.922144,0.153691
0.952638,0.330251
0.629839,0.603003
0.607837,0.866945
0.980172,0.204205
0.390636,0.534491
0.188339,0.108638
0.569515,0.451535
0.894744,0.093242
0.104313,0.552907
0.032059,0.689025
0.488613,0.186692
0.069491,0.962995
0.283818,0.233039
0.659570,0.069979
0.057453,0.518532
0.171826,0.859707
0.410861,0.157035
0.110744,0.536453
0.478251,0.068763
0.955097,0.865699
0.129932,0.205677
0.432201,0.709672
0.474780,0.603709
0.939154,0.587492
0.502475,0.684836
0.275441,0.007443
0.142692,0.063970
0.399237,0.807566
0.525857,0.910303
0.879239,0.460205
0.576133,0.737291
0.287912,0.880994
0.456307,0.700317
0.711648,0.297449
0.613028,0.809985
0.175126,0.249135
0.899965,0.733244
0.457828,0.910833
0.183444,0.568615
0.393551,0.945687
0.239695,0.870540
0.273776,0.628083
0.291890,0.916296
0.698044,0.722409
0.217255,0.493488
0.992390,0.552824
0.995316,0.076534
0.105225,0.766539
0.326013,0.450936
0.252767,0.506065
0.462167,0.073195
0.694486,0.749736
0.381156,0.745957
0.855773,0.396674
0.010737,0.114683
0.917137,0.327110
0.748676,0.484759
0.068237,0.548429
0.242294,0.950018
0.140256,0.820427
0.841563,0.170589
0.018066,0.100515
0.294145,0.534654
0.390850,0.077585
0.763589,0.677383
0.153496,0.358087
0.216672,0.034445
0.675044,0.216166
0.696742,0.836501
0.811512,0.641012
0.716410,0.897010
0.390618,0.308324
0.052415,0.004666
0.772410,0.767114
0.928821,0.374645
0.238540,0.091386
0.421683,0.989291
0.337117,0.192152
0.668949,0.220568
0.882286,0.796924
0.830451,0.167883
0.167047,0.415680
0.107684,0.327141
0.562054,0.189548
0.207119,0.541703
0.938923,0.120804
0.213780,0.356576
0.173622,0.402139
0.316240,0.389187
0.458776,0.066016
0.815085,0.649945
0.368980,0.067331
0.218561,0.301534
0.598869,0.983102
0.101814,0.536182
0.990531,0.850465
0.171459,0.959035
0.599867,0.981416
0.696315,0.677901
0.972367,0.693721
0.332047,0.635353
0.883967,0.317967
0.851554,0.482130
0.335105,0.608533
0.585037,0.382371
0.640592,0.232425
0.587469,0.988381
0.232606,0.616349
0.896779,0.308849
0.737913,0.757246
0.619766,0.059923
0.374524,0.296615
0.151671,0.204385
0.037907,0.923409
0.598075,0.945876
0.739256,0.328690
0.278126,0.643602
0.760494,0.520873
0.977568,0.648046
0.288455,0.023693
0.846935,0.331270
0.242249,0.539312
0.906632,0.665006
0.248338,0.687350
0.719502,0.608063
0.381486,0.321637
0.442361,0.006043
0.869867,0.069985
0.192465,0.634367
0.141532,0.204220
0.091759,0.592631
0.831221,0.931813
0.236310,0.078165
0.724989,0.311463
0.721674,0.244925
0.176436,0.248969
0.285353,0.448271
0.635604,0.271861
0.781289,0.080016
0.972555,0.398244
0.167766,0.441376
0.505293,0.734928
0.760324,0.819604
0.793559,0.019811
0.381419,0.854042
0.758858,0.921532
0.595183,0.152799
0.726648,0.257292
0.463651,0.453603
0.375147,0.606025
0.071940,0.136656
0.469258,0.154724
0.189626,0.012834
0.500700,0.725345
0.491454,0.925691
0.940285,0.970493
0.373145,0.489551
0.641049,0.588309
0.408788,0.038827
0.921603,0.384826
0.565609,0.194228
0.436298,0.255258
0.913086,0.722245
0.509608,0.488622
0.688489,0.696455
0.650906,0.926519
0.735664,0.242353
0.034508,0.813126
0.630953,0.676426
0.697471,0.645334
0.261331,0.455471
0.681066,0.254288
0.602149,0.951778
0.841516,0.012337
0.770972,0.644397
0.916883,0.397667
0.586160,0.900996
0.518537,0.188823
0.422945,0.829750
0.252871,0.302220
0.967683,0.658486
0.382789,0.307979
0.411609,0.876400
0.727652,0.088873
0.636180,0.776691
0.344393,0.142713
0.748730,0.930017
0.397970,0.308100
0.987025,0.816389
0.001579,0.069841
0.696317,0.524962
0.654521,0.733042
0.170634,0.374651
0.704047,0.198021
0.181984,0.948483
0.450661,0.814370
0.185638,0.058982
0.182729,0.759165
0.259352,0.902273
0.408792,0.626837
0.624421,0.868362
0.166126,0.293126
0.377729,0.276762
0.342152,0.585646
0.477897,0.672805
0.100809,0.061056
0.751799,0.007227
0.582445,0.987619
0.096842,0.522335
0.007262,0.602985
0.986897,0.761364
0.932128,0.473232
0.337030,0.429454
0.370785,0.890152
0.999445,0.816847
0.940991,0.665078
0.378436,0.057242
0.356029,0.330255
0.100177,0.456919
0.698308,0.725220
0.887971,0.138863
0.601909,0.869005
0.279468,0.699265
0.815052,0.368430
0.618352,0.658876
0.475199,0.413127
0.187935,0.986181
0.957547,0.812619
0.016630,0.360206
0.045754,0.807558
0.325525,0.444306
0.606763,0.400165
0.612592,0.081369
0.427916,0.931483
0.930845,0.986871
0.857100,0.905203
0.734278,0.293863
0.195077,0.143161
0.520054,0.571893
0.856803,0.504637
0.127861,0.796821
0.301348,0.673062
0.548747,0.874786
0.168053,0.446287
0.115679,0.662642
0.240902,0.211641
0.753253,0.659745
0.089432,0.434893
0.715765,0.160235
0.928967,0.902649
0.766309,0.220376
0.257629,0.476302
0.897511,0.123098
0.135756,0.534543
0.725414,0.090442
0.691785,0.871941
0.931780,0.766337
0.600679,0.643987
0.377010,0.717443
0.736002,0.381651
0.642102,0.561900
0.856141,0.808447
0.223551,0.115690
0.087680,0.089139
0.740581,0.937211
0.744618,0.116106
0.367737,0.853330
0.954069,0.576917
0.001678,0.061885
0.535603,0.847119
0.979849,0.319643
0.365024,0.679302
0.796565,0.519751
0.601618,0.222142
0.395312,0.538293
0.460603,0.144701
0.942890,0.837217
0.499833,0.455785
0.601465,0.145871
0.665351,0.801292
0.702967,0.598880
0.308891,0.990335
0.123464,0.996849
0.706522,0.478283
0.828687,0.495026
0.704140,0.376709
0.981143,0.333145
0.827885,0.210613
0.732658,0.810419
0.700407,0.052566
0.865432,0.179020
0.487505,0.391808
0.984390,0.659250
0.848518,0.991063
0.547943,0.337410
0.677899,0.990314
0.757714,0.391063
0.527844,0.283040
0.696376,0.195092
0.856252,0.393772
0.130901,0.752266
0.580384,0.805072
0.849810,0.709588
0.457533,0.163694
0.137561,0.695956
0.291082,0.144823
0.218136,0.748383
0.735319,0.009133
0.725958,0.575682
0.678318,0.988484
0.147605,0.950398
0.427111,0.841660
0.925985,0.096048
0.974159,0.179633
0.052472,0.980277
0.650098,0.593392
0.969727,0.626973
0.403994,0.033993
0.240855,0.488626
0.687984,0.954555
0.652797,0.375372
0.691795,0.795325
0.658519,0.777731
0.864896,0.650311
0.275216,0.653195
0.367323,0.120000
0.082637,0.489218
0.668792,0.509748
0.023027,0.572982
0.572631,0.273725
0.745359,0.794344
0.181097,0.484191
0.644597,0.433656
0.571423,0.099441
0.063498,0.908881
0.795225,0.184890
0.812868,0.019746
0.556060,0.536417
0.812196,0.488563
0.518901,0.584722
0.713749,0.790068
0.124089,0.752988
0.965681,0.897602
0.180664,0.599103
0.179938,0.554722
0.800513,0.123045
0.128816,0.206230
0.161210,0.562496
0.851450,0.035005
0.979928,0.506148
0.363560,0.544427
0.423051,0.945228
0.000086,0.300600
0.946215,0.519443
0.782802,0.659158
0.444920,0.577071
0.695101,0.522666
0.986020,0.352117
0.538209,0.209840
0.099009,0.819763
0.237100,0.188074
0.299709,0.832628
0.957423,0.602144
0.216040,0.359065
0.128492,0.622313
0.074360,0.254967
0.381782,0.903660
0.400059,0.083254
0.254179,0.425343
0.694515,0.535904
0.070558,0.732675
0.995359,0.696803
0.192627,0.372142
0.657318,0.820508
0.604945,0.419686
0.153491,0.992449
0.433627,0.025910
0.603607,0.077525
0.124621,0.109990
0.548369,0.065959
0.640177,0.362819
0.333517,0.273253
0.868855,0.225765
0.009863,0.377156
0.968773,0.378632
0.105003,0.925636
0.175731,0.728327
0.306550,0.821343
0.489619,0.528960
0.700456,0.865398
0.551542,0.607467
0.896570,0.170747
0.946510,0.389563
0.345173,0.741297
0.968000,0.531682
0.594617,0.849630
0.476862,0.127572
0.009497,0.513565
0.155491,0.126368
0.378801,0.735422
0.052865,0.725419
0.974500,0.707502
0.249112,0.608703
0.706787,0.183105
0.986246,0.798469
0.502229,0.275823
0.427765,0.941677
0.881388,0.814023
0.305187,0.857921
0.947455,0.406515
0.312737,0.090141
0.079475,0.729953
0.944867,0.165113
0.057412,0.743409
0.554160,0.492851
0.874353,0.962166
0.423984,0.508682
0.730797,0.479656
0.515011,0.997954
0.888081,0.697882
0.405471,0.616287
0.910886,0.745917
0.714160,0.702592
0.749668,0.244226
0.738983,0.950868
0.823363,0.880332
0.528111,0.609194
0.607374,0.964647
0.674522,0.881931
0.523516,0.225069
0.075122,0.839409
0.513684,0.952484
0.422722,0.379095
0.373284,0.113234
0.914045,0.249765
0.539120,0.766414
0.117865,0.299178
0.293545,0.213066
0.738026,0.568842
0.217463,0.304820
0.933111,0.642974
0.825727,0.035429
0.463057,0.617749
0.488266,0.355744
0.615530,0.328552
0.353893,0.005154
0.890196,0.186158
0.354532,0.101338
0.492046,0.084744
0.514319,0.153711
0.123843,0.487412
0.155630,0.656633
0.226095,0.395359
0.299285,0.428341
0.182182,0.811544
0.108695,0.438572
0.839357,0.161834
0.353738,0.433960
0.359237,0.870514
0.198465,0.189567
0.040256,0.394546
0.743924,0.900998
0.160313,0.198992
0.479295,0.665243
0.265800,0.421095
0.550124,0.799820
0.714321,0.324888
0.764393,0.881767
0.501859,0.923561
0.843063,0.388849
0.109733,0.107880
0.021152,0.155542
0.500001,0.767385
0.236505,0.678310
0.342141,0.976439
0.737432,0.434329
0.289467,0.485929
0.760900,0.247747
0.152496,0.511240
0.249467,0.766728
0.864167,0.994257
0.247354,0.820609
0.198412,0.706461
0.809952,0.701145
0.502334,0.181188
0.992552,0.591196
0.634477,0.229384
0.132296,0.038366
0.990399,0.929098
0.426303,0.616467
0.090935,0.050955
0.407297,0.306446
0.633310,0.231428
0.336178,0.479195
0.509864,0.643873
0.304290,0.269246
0.280556,0.351025
0.418074,0.319841
0.047556,0.040889
0.052131,0.744755
0.211978,0.472058
0.908482,0.100762
0.184840,0.948328
0.363581,0.304357
0.096887,0.013662
0.551768,0.861974
0.331212,0.741292
0.361385,0.778808
0.528862,0.371592
0.650248,0.210033
0.384049,0.887194
0.130485,0.742587
0.120354,0.586561
0.912177,0.654355
0.190434,0.704660
0.925501,0.074880
0.546579,0.342898
0.725351,0.989645
0.201999,0.720769
0.043811,0.191707
0.550496,0.252526
0.877075,0.853438
0.906815,0.975126
0.894913,0.448482
0.717326,0.910849
0.067708,0.419004
0.931332,0.503869
0.021875,0.599154
0.696706,0.128934
0.045445,0.566175
0.794390,0.693803
0.740715,0.397494
0.684694,0.870256
0.971538,0.165518
0.750728,0.384150
0.779372,0.400849
0.271494,0.184066
0.160003,0.217808
0.696722,0.879155
0.790647,0.455441
0.707754,0.525073
0.303410,0.220336
0.708255,0.552151
0.171109,0.045612
0.238217,0.039091
0.148139,0.883602
0.927248,0.270435
0.790621,0.642413
0.249008,0.823410
0.534595,0.001400
0.347462,0.605160
0.369110,0.083246
0.705462,0.549275
0.722080,0.408343
0.611482,0.324635
0.057263,0.815922
0.823932,0.219280
0.965227,0.176735
0.971605,0.537389
0.978762,0.778186
0.780513,0.106443
0.745770,0.381981
0.653825,0.870026
0.634306,0.550878
0.816847,0.220639
0.268794,0.581664
0.807733,0.752898
0.155641,0.231723
0.726286,0.368640
0.902168,0.093691
0.181514,0.185028
0.862352,0.188860
0.490518,0.729480
0.647564,0.021047
0.162919,0.177734
0.394197,0.607822
0.069454,0.072049
0.245254,0.909131
0.970385,0.100234
0.526779,0.726765
0.807993,0.603294
0.377875,0.020716
0.826562,0.763446
0.644482,0.043740
0.248343,0.083596
0.142636,0.627384
0.013497,0.966361
0.957618,0.106339
0.736132,0.338390
0.707456,0.202322
0.480425,0.562851
0.444326,0.163144
0.331756,0.154513
0.055876,0.692041
0.627486,0.123076
0.824925,0.102815
0.296738,0.511542
0.836483,0.141835
0.912167,0.024001
0.427135,0.147377
0.655365,0.225884
0.878990,0.384744
0.884224,0.822785
0.112409,0.169559
0.110136,0.101736
0.955849,0.357308
0.615697,0.118351
0.923320,0.919874
0.895586,0.604506
0.178068,0.530481
0.599611,0.679433
0.150220,0.667273
0.301564,0.817563
0.348386,0.103923
0.916234,0.661732
0.932882,0.810719
0.711307,0.076369
0.002179,0.933095
0.148643,0.655854
0.320256,0.390600
0.721343,0.785546
0.478432,0.067314
0.577843,0.959585
0.278476,0.090447
0.994772,0.181872
0.385017,0.319316
0.423832,0.693421
0.413944,0.793502
0.333465,0.802141
0.653954,0.245908
0.418660,0.497102
0.533771,0.532474
0.821404,0.384627
0.580964,0.421841
0.577876,0.693499
0.748283,0.703093
0.235193,0.002866
0.993905,0.017155
0.558374,0.957616
0.920904,0.059577
0.349348,0.848751
0.866773,0.819010
0.294697,0.144140
0.853312,0.971820
0.912954,0.242497
0.827822,0.055866
0.137801,0.962052
0.703963,0.377461
0.026347,0.964913
0.371684,0.701402
0.662747,0.073770
0.837437,0.870477
0.030186,0.365244
0.078993,0.077065
0.569183,0.813711
0.149717,0.182425
0.743558,0.748107
0.698564,0.299508
0.411522,0.337337
0.781397,0.695247
0.286769,0.155887
0.881157,0.032119
0.751133,0.503295
0.010868,0.832680
0.679904,0.875977
0.554156,0.829518
0.919150,0.501872
0.709353,0.423670
0.156801,0.973122
0.521501,0.977926
0.125133,0.211864
0.619044,0.218906
0.183694,0.745996
0.559294,0.841713
0.816559,0.468436
0.313190,0.641891
0.827254,0.164824
0.803339,0.646647
0.194731,0.108401
0.077809,0.603190
0.846609,0.028049
0.282207,0.541568
0.065319,0.597111
0.756521,0.309120
0.551691,0.638389
0.032367,0.269168
0.976663,0.564797
0.563739,0.790226
0.045681,0.314580
0.943509,0.008479
0.356649,0.282402
0.398136,0.194884
0.751842,0.725688
0.973851,0.702657
0.097380,0.407287
0.741451,0.101003
0.807494,0.150187
0.587176,0.382112
0.586358,0.852027
0.290119,0.151538
0.463106,0.885204
0.093291,0.718463
0.884402,0.807476
0.654220,0.768826
0.161047,0.963667
0.516301,0.728721
0.651395,0.930227
0.341415,0.785352
0.339021,0.360316
0.855953,0.430901
0.890680,0.774175
0.387634,0.208821
0.610387,0.074998
0.152401,0.627790
0.497523,0.804726
0.142623,0.870457
0.547136,0.968947
0.781446,0.087168
0.094114,0.313719
0.934056,0.161472
0.280117,0.363328
0.089229,0.179186
0.771941,0.257944
0.473261,0.256026
0.876658,0.650292
0.140447,0.123966
0.568733,0.039593
0.859003,0.400939
0.857001,0.917140
0.128984,0.366732
0.844836,0.952045
0.373683,0.682201
0.505942,0.262827
0.875536,0.682556
0.620614,0.643867
0.741043,0.244817
0.821235,0.007943
0.853060,0.290661
0.158206,0.399280
0.072979,0.388223
0.462279,0.093503
0.465878,0.642484
0.900127,0.464853
0.085823,0.731778
0.917460,0.922491
0.768217,0.199471
0.328721,0.317285
0.996438,0.486295
0.702291,0.476219
0.278375,0.038282
0.155741,0.469968
0.640216,0.320187
0.031323,0.601077
0.380285,0.936460
0.361493,0.430110
0.473410,0.054078
0.868021,0.952645
0.683671,0.269848
0.635687,0.083591
0.069259,0.405068
0.298337,0.712207
0.871289,0.524778
0.669644,0.259447
0.830549,0.092441
0.901642,0.342019
0.753176,0.164533
0.349276,0.419101
0.475499,0.688830
0.160689,0.696690
0.354692,0.692901
0.389138,0.009932
0.783072,0.597129
0.077809,0.667962
0.616512,0.323733
0.986368,0.938969
0.742836,0.736719
0.316515,0.150506
0.458659,0.147487
0.864301,0.113607
0.969976,0.406387
0.520692,0.003677
0.450559,0.832511
0.125717,0.449329
0.969458,0.097446
0.218623,0.979032
0.420176,0.546086
0.166101,0.377557
0.348086,0.952377
0.971745,0.576836
0.014371,0.813779
0.016191,0.896655
0.502085,0.867758
0.699317,0.648912
0.455997,0.410387
0.352211,0.542467
0.523170,0.765081
0.113380,0.175814
0.428384,0.176895
0.594892,0.542763
0.381563,0.845092
0.688551,0.437494
0.283248,0.620376
0.925136,0.856997
0.995363,0.805940
0.103812,0.649625
0.616260,0.411280
0.496405,0.751727
0.927229,0.099702
0.444103,0.581234
0.032636,0.289904
0.420641,0.222879
0.454630,0.381080
0.195560,0.469574
0.124441,0.967616
0.914029,0.412935
0.820418,0.703835
0.741153,0.007605
0.374644,0.223937
0.283604,0.879607
0.264499,0.838484
0.795138,0.414717
0.241554,0.900187
0.414557,0.015530
0.153375,0.374406
0.816707,0.820034
0.599946,0.335090
0.959161,0.992829
0.241831,0.973490
0.192660,0.644434
0.828550,0.801332
0.577854,0.128870
0.636273,0.977356
0.173717,0.904171
0.517277,0.437402
0.099578,0.801172
0.504257,0.631441
0.784281,0.843031
0.627318,0.260230
0.552906,0.948700
0.203763,0.093265
0.437421,0.628894
0.593288,0.027818
0.707576,0.920594
0.078773,0.382405
0.742340,0.130548
0.453706,0.631502
0.358121,0.239722
0.897909,0.296923
0.535417,0.245254
0.780029,0.786048
0.770392,0.659258
0.274965,0.934976
0.627438,0.638387
0.579355,0.103419
0.459128,0.595894
0.107077,0.282463
0.894605,0.092777
0.494245,0.361397
0.838316,0.390800
0.491037,0.021957
0.073576,0.959217
0.076313,0.687336
0.375254,0.313585
0.908302,0.808549
0.179806,0.010140
0.178677,0.567294
0.606655,0.031450
0.975916,0.993740
0.483911,0.614005
0.546483,0.158388
0.741697,0.926583
0.192845,0.029555
0.023038,0.511745
0.152346,0.866874
0.114788,0.216958
0.327540,0.219761
0.727744,0.939848
0.267591,0.481575
0.953229,0.348553
0.551497,0.294321
0.745194,0.495802
0.512657,0.399942
0.193054,0.172960
0.687057,0.887315
0.281083,0.392826
0.583648,0.766449
0.311585,0.794100
0.953762,0.487832
0.882857,0.423737
0.747079,0.815892
0.622911,0.607296
0.429313,0.567142
0.373960,0.632698
0.064266,0.167249
0.033760,0.511357
0.586869,0.293474
0.826686,0.645098
0.965145,0.352253
0.029940,0.179904
0.322681,0.790896
0.357745,0.072640
0.656955,0.371964
0.779515,0.122304
0.318589,0.010901
0.328869,0.465377
0.795239,0.898744
0.561641,0.385591
0.601802,0.527262
0.102920,0.278048
0.607904,0.883360
0.859913,0.074824
0.892664,0.421750
0.756201,0.317783
0.320121,0.197123
0.802725,0.498651
0.990260,0.421237
0.124093,0.171140
0.326875,0.382858
0.576414,0.285037
0.643667,0.856103
0.987955,0.911643
0.284366,0.841643
0.402811,0.895830
0.918034,0.039120
0.644776,0.069454
0.095120,0.802513
0.723254,0.274674
0.753692,0.400344
0.556450,0.313175
0.612321,0.393327
0.696457,0.454582
0.848672,0.967153
0.121413,0.373906
0.617977,0.029288
0.047834,0.010396
0.105136,0.322859
0.687599,0.435682
0.170191,0.191160
0.902276,0.368880
0.902881,0.989565
0.934110,0.868015
0.259688,0.784944
0.110804,0.947145
0.075042,0.329329
0.612751,0.812486
0.269912,0.170339
0.137763,0.460694
0.126289,0.861895
0.753035,0.887798
0.965836,0.413294
0.446780,0.122373
0.527589,0.577885
0.661269,0.976349
0.321911,0.730865
0.225831,0.263812
0.296234,0.082794
0.558515,0.872872
0.659481,0.735268
0.205891,0.078017
0.971765,0.060267
0.013128,0.216135
0.818511,0.187917
0.104535,0.208661
0.590523,0.527645
0.858459,0.760488
0.311825,0.454022
0.153999,0.504511
0.914125,0.218785
0.363644,0.975065
0.867859,0.513464
0.780021,0.187953
0.277838,0.164196
0.307147,0.869831
0.648383,0.147290
0.876196,0.745026
0.240562,0.894098
0.187030,0.028586
0.661886,0.452641
0.265579,0.926928
0.084067,0.431474
0.150620,0.502190
0.507927,0.053157
0.272589,0.097813
0.648622,0.732002
0.422588,0.294006
0.402692,0.594049
0.529563,0.493616
0.433565,0.681161
0.646345,0.958972
0.219580,0.053138
0.035688,0.266178
0.065847,0.101032
0.226465,0.620221
0.715823,0.391908
0.101304,0.733924
0.879528,0.268267
0.205705,0.785728
0.347633,0.287993
0.596313,0.733882
0.094243,0.503240
0.700471,0.476758
0.305324,0.906668
0.238619,0.315112
0.069455,0.187344
0.899869,0.141834
0.012735,0.474601
0.334054,0.177515
0.263832,0.076977
0.679203,0.853090
0.594005,0.969542
0.583159,0.488307
0.247510,0.109386
0.818926,0.567267
0.990413,0.835359
0.525269,0.167305
0.146583,0.093910
0.304602,0.736186
0.452616,0.734815
0.989793,0.257340
0.486493,0.364289
0.013561,0.352626
0.710157,0.891372
0.774526,0.856956
0.902167,0.595744
0.112761,0.685784
0.728216,0.020727
0.978637,0.856266
0.659367,0.141633
0.497832,0.244368
0.741012,0.973291
0.359420,0.744365
0.193842,0.954814
0.638734,0.965453
0.877144,0.678802
0.899221,0.449269
0.958306,0.526907
0.265309,0.679066
0.887995,0.391026
0.417294,0.993944
0.309323,0.041100
0.520078,0.343274
0.612367,0.433460
0.455028,0.968153
0.792341,0.288409
0.969470,0.498927
0.685527,0.466317
0.150228,0.966671
0.623795,0.664320
0.303646,0.288260
0.799785,0.015592
0.040953,0.283017
0.593072,0.053193
0.305822,0.430323
0.660253,0.000642
0.251433,0.350218
0.283266,0.859011
0.665326,0.768885
0.155037,0.086003
0.270669,0.995914
0.196727,0.585225
0.080718,0.218858
0.473178,0.354632
0.811709,0.637045
0.422563,0.966907
0.098139,0.261261
0.302023,0.310736
0.563908,0.678923
0.322480,0.578167
0.683321,0.199507
0.135691,0.554284
0.301062,0.085598
0.566665,0.628319
0.545831,0.375966
0.875921,0.436893
0.138610,0.441901
0.313260,0.934880
0.712599,0.468379
0.427669,0.420506
0.410259,0.027673
0.558909,0.957492
0.420919,0.755856
0.615209,0.302390
0.242646,0.512207
0.127275,0.543270
0.565575,0.293343
0.755335,0.392659
0.402942,0.005953
0.807481,0.874911
0.460221,0.054346
0.054693,0.829894
0.649880,0.333483
0.097399,0.290577
0.481468,0.331308
0.060865,0.740473
0.674413,0.739363
0.053020,0.205064
0.144152,0.740424
0.495305,0.223544
0.675681,0.852256
0.300892,0.310891
0.989159,0.006451
0.484955,0.687775
0.114709,0.000036
0.603791,0.121034
0.096864,0.204294
0.473742,0.832726
0.443816,0.055653
0.121811,0.404557
0.982696,0.820271
0.841721,0.546719
0.821686,0.681320
0.859314,0.617159
0.432354,0.636197
0.184808,0.818550
0.657465,0.170775
0.741665,0.546681
0.476158,0.290036
0.667536,0.959091
0.492964,0.667700
0.391189,0.697653
0.107336,0.416896
0.424833,0.027971
0.457082,0.564209
0.011020,0.302762
0.645109,0.893221
0.619876,0.042632
0.907058,0.962797
0.467907,0.723065
0.276904,0.981754
0.357748,0.855840
0.503206,0.348834
0.706225,0.390624
0.062766,0.655919
0.351867,0.719209
0.339291,0.715182
0.786697,0.278340
0.762608,0.302930
0.393929,0.916160
0.645134,0.376523
0.471752,0.658972
0.576039,0.927412
0.775398,0.525434
0.129422,0.324077
0.955195,0.348095
0.617475,0.403774
0.044929,0.852031
0.159180,0.096540
0.106220,0.934234
0.476413,0.759909
0.981328,0.808555
0.732647,0.236617
0.899794,0.173998
0.892473,0.755814
0.420056,0.064370
0.611904,0.114474
0.846802,0.072882
0.763352,0.606533
0.840679,0.923551
0.321159,0.698726
0.377629,0.988871
0.573780,0.199734
0.252495,0.437515
0.286089,0.201193
0.162090,0.813838
0.808672,0.192296
0.582108,0.629116
0.668658,0.203540
0.810009,0.893291
0.359561,0.408027
0.546581,0.071965
0.185304,0.729977
0.910989,0.642232
0.496175,0.832403
0.570370,0.473733
0.352106,0.618479
0.558697,0.137874
0.067155,0.427512
0.376118,0.070868
0.078144,0.782387
0.298227,0.117927
0.230574,0.601490
0.330920,0.224021
0.940618,0.922273
0.251382,0.703273
0.067953,0.871473
0.968115,0.074777
0.575356,0.853195
0.931809,0.500047
0.399220,0.056648
0.697518,0.110874
0.470979,0.917391
0.263053,0.029978
0.338045,0.260881
0.334541,0.764736
0.139289,0.547087
0.733873,0.924174
0.663336,0.878270
0.235617,0.072912
0.947998,0.904324
0.703091,0.765574
0.035362,0.981056
0.949908,0.598148
0.612433,0.080593
0.551425,0.946601
0.270508,0.041741
0.035600,0.507604
0.650337,0.431516
0.303418,0.849834
0.971466,0.021443
0.055357,0.773613
0.811363,0.534186
0.860294,0.681941
0.737924,0.552496
0.052140,0.765682
0.695441,0.429719
0.426834,0.137770
0.437953,0.897147
0.982535,0.367709
0.193646,0.436525
0.057923,0.232033
0.588617,0.227126
0.747476,0.888335
0.793181,0.568049
0.990939,0.014899
0.719827,0.812622
0.076612,0.126716
0.180593,0.043719
0.349667,0.655209
0.244244,0.292413
0.606124,0.478701
0.122376,0.076804
0.250199,0.543646
0.494929,0.735219
0.356958,0.915101
0.220287,0.713134
0.941427,0.780208
0.292683,0.653644
0.526844,0.267535
0.697772,0.503445
0.053998,0.900425
0.705502,0.621872
0.279784,0.203555
0.137131,0.975938
0.230536,0.741909
0.210770,0.372390
0.816380,0.141961
0.977910,0.698342
0.649908,0.453763
0.114239,0.498907
0.033756,0.277967
0.384177,0.827179
0.084493,0.279092
0.609748,0.495357
0.862773,0.384663
0.044416,0.205730
0.184427,0.431085
0.052260,0.305148
0.541549,0.347805
0.025992,0.608739
0.893169,0.922699
0.907450,0.810244
0.590959,0.757252
0.340944,0.829239
0.434076,0.427549
0.729226,0.735414
0.057119,0.109210
0.388111,0.721297
0.677970,0.858514
0.937976,0.463503
0.572603,0.568303
0.518913,0.162549
0.381291,0.745634
0.924661,0.131873
0.015183,0.799589
0.950967,0.085537
0.249933,0.542805
0.337532,0.394601
0.615547,0.361695
0.659230,0.782426
0.810259,0.607999
0.124306,0.568441
0.320989,0.264518
0.178784,0.462724
0.439909,0.466440
0.965885,0.480208
0.844325,0.217842
0.058585,0.938834
0.276446,0.610329
0.314027,0.064043
0.179804,0.765977
0.276144,0.869055
0.127222,0.630338
0.146902,0.617949
0.049580,0.114447
0.038502,0.684441
0.860570,0.579891
0.041956,0.717358
0.060813,0.714550
0.259055,0.257445
0.678388,0.857490
0.353335,0.718319
0.600579,0.349730
0.077479,0.443813
0.511036,0.236979
0.325789,0.371359
0.822693,0.415970
0.641887,0.875853
0.143079,0.326541
0.788164,0.334986
0.408138,0.651978
0.470685,0.973501
0.621916,0.160313
0.044611,0.930309
0.911873,0.025535
0.609038,0.808034
0.510796,0.780874
0.508182,0.581486
0.344053,0.214869
0.830727,0.032600
0.726260,0.381090
0.997821,0.078445
0.077311,0.935518
0.224581,0.503496
0.574439,0.548233
0.418080,0.733046
0.847595,0.527756
0.051432,0.472329
0.524448,0.441017
0.269183,0.836009
0.293065,0.244029
0.243073,0.767643
0.361965,0.455821
0.748188,0.115417
0.241046,0.732798
0.880227,0.361881
0.351985,0.505643
0.914636,0.653330
0.605219,0.448968
0.418850,0.569342
0.826784,0.125281
0.537616,0.776448
0.407617,0.584755
0.138140,0.260279
0.286885,0.313844
0.081506,0.421023
0.983248,0.576012
0.632630,0.772645
0.899872,0.876406
0.015512,0.120789
0.263376,0.554579
0.930125,0.742854
0.126398,0.034076
0.431420,0.690047
0.989933,0.132378
0.866880,0.918623
0.904260,0.354368
0.402318,0.556941
0.711984,0.119030
0.897426,0.898354
0.591478,0.616630
0.994134,0.045238
0.738748,0.354958
0.448895,0.408875
0.449754,0.834805
0.289291,0.477106
0.134606,0.183451
0.765956,0.916342
0.936621,0.083789
0.895599,0.593553
0.369874,0.649405
0.379375,0.438587
0.508667,0.588081
0.944768,0.096899
0.297349,0.341117
0.564131,0.897302
0.579828,0.844065
0.426690,0.322800
0.318578,0.178416
0.143197,0.813987
0.734626,0.989205
0.210681,0.519135
0.575138,0.615477
0.099467,0.284791
0.118551,0.273849
0.438917,0.885349
0.288479,0.917693
0.988806,0.753469
0.924516,0.666434
0.141003,0.206843
0.838790,0.754865
0.027350,0.902541
0.959857,0.539830
0.798992,0.006665
0.832504,0.025777
0.203141,0.941806
0.571165,0.732089
0.520894,0.831038
0.294942,0.109615
0.706322,0.844744
0.444405,0.432266
0.263057,0.864503
0.993077,0.731634
0.116463,0.353721
0.079067,0.793320
0.727362,0.327116
0.507060,0.276108
0.630624,0.512844
0.777046,0.706810
0.314810,0.924730
0.433378,0.932368
0.794197,0.317527
0.841431,0.661130
0.877574,0.035636
0.634497,0.007971
0.136875,0.376209
0.943162,0.673348
0.265286,0.151433
0.813869,0.733561
0.282600,0.198573
0.875864,0.950833
0.857157,0.749446
0.003198,0.067261
0.557737,0.208547
0.178115,0.418159
0.263074,0.380290
0.583899,0.637715
0.484233,0.656941
0.180064,0.300101
0.231893,0.292116
0.485060,0.796746
0.392210,0.357128
0.480959,0.096533
0.112367,0.880895
0.754961,0.287271
0.969362,0.325397
0.662418,0.115819
0.464736,0.318906
0.113536,0.696969
0.704819,0.773682
0.483739,0.804721
0.489174,0.412003
0.234860,0.290930
0.507487,0.889811
0.782828,0.060803
0.771799,0.261605
0.317618,0.391378
0.441952,0.398680
0.912369,0.268317
0.728187,0.339842
0.818525,0.308511
0.409812,0.572506
0.166535,0.206201
0.625287,0.947878
0.613304,0.329684
0.604961,0.019920
0.722229,0.802413
0.090253,0.704731
0.912229,0.766842
0.552894,0.654932
0.518649,0.362098
0.198440,0.156993
0.535699,0.859723
0.229334,0.801285
0.910654,0.331502
0.215615,0.733334
0.940014,0.036075
0.020028,0.940355
0.102521,0.397937
0.484900,0.156946
0.301466,0.230005
0.772412,0.247309
0.272458,0.123643
0.784054,0.655276
0.131193,0.740526
0.269999,0.084917
0.073890,0.722113
0.762386,0.415380
0.014742,0.830252
0.604872,0.151848
0.735873,0.792620
0.194284,0.605692
0.312190,0.323727
0.512356,0.023432
0.274050,0.202667
0.264270,0.656051
0.471400,0.291239
0.093062,0.966886
0.560996,0.483350
0.907666,0.533204
0.244614,0.017213
0.497035,0.393645
0.372738,0.546581
0.108304,0.224061
0.975191,0.397349
0.232116,0.369822
0.563153,0.642819
0.332435,0.809681
0.975817,0.095389
0.169256,0.864828
0.489811,0.249969
0.141331,0.616488
0.473515,0.723032
0.566639,0.232430
0.767408,0.252024
0.311455,0.337868
0.150612,0.321443
0.565312,0.406534
0.005572,0.690397
0.755038,0.794696
0.545589,0.313016
0.652009,0.321838
0.708868,0.514431
0.858653,0.992755
0.081434,0.105044
0.699256,0.375686
0.756887,0.162093
0.748149,0.166197
0.437601,0.971916
0.039062,0.424182
0.170722,0.803154
0.487193,0.748993
0.547085,0.399406
0.296751,0.435479
0.294224,0.921970
0.676683,0.522480
0.615100,0.371632
0.650221,0.141518
0.523251,0.204462
0.614000,0.714475
0.519380,0.251239
0.462880,0.936202
0.927080,0.720130
0.852396,0.135339
0.524378,0.829408
0.009821,0.416303
0.150349,0.067048
0.976976,0.311841
0.187674,0.694045
0.537731,0.331035
0.061108,0.468694
0.156453,0.350453
0.559156,0.226030
0.628822,0.927879
0.274581,0.820754
0.868093,0.584468
0.305750,0.624501
0.403268,0.254749
0.541017,0.659368
0.077476,0.152422
0.730658,0.279986
0.262938,0.102322
0.796884,0.587317
0.766054,0.330160
0.771979,0.592170
0.277238,0.807300
0.871337,0.668497
0.473407,0.168099
0.783365,0.989087
0.091338,0.803354
0.146492,0.164818
0.874614,0.323338
0.895953,0.052189
0.511705,0.439689
0.664842,0.327089
0.500375,0.117296
0.560145,0.377310
0.385530,0.474478
0.311762,0.521986
0.530686,0.883286
0.842191,0.955360
0.945490,0.833605
0.711348,0.839876
0.560486,0.490094
0.788965,0.685368
0.557905,0.435413
0.348180,0.025296
0.365687,0.466076
0.670039,0.728492
0.213780,0.559794
0.997900,0.939407
0.382457,0.179006
0.747628,0.010672
0.442081,0.526003
0.005615,0.310391
0.094108,0.368867
0.253760,0.921564
0.606774,0.033528
0.274951,0.478735
0.043917,0.695499
0.253038,0.625270
0.971141,0.823326
0.863185,0.927575
0.997232,0.632240
0.490300,0.473448
0.874937,0.750586
0.807431,0.038194
0.028837,0.894265
0.153192,0.736196
0.870913,0.131648
0.419573,0.845803
0.056048,0.637478
0.062325,0.097475
0.544083,0.983403
0.194182,0.614004
0.016674,0.837274
0.848230,0.316480
0.709309,0.905725
0.586847,0.944301
0.516340,0.940545
0.403173,0.837717
0.669641,0.064955
0.825048,0.501526
0.728957,0.083969
0.443399,0.275525
0.198683,0.505466
0.172968,0.746828
0.837860,0.003224
0.273763,0.350685
0.341452,0.568173
0.696292,0.566189
0.463005,0.116262
0.090562,0.729550
0.185659,0.591149
0.965766,0.766723
0.788737,0.217526
0.374530,0.081275
0.724277,0.246732
0.837308,0.642317
0.901479,0.191086
0.755833,0.132735
0.053335,0.705914
0.178004,0.140426
0.315541,0.225960
0.188245,0.883569
0.177112,0.294932
0.697558,0.264545
0.489886,0.578696
0.348859,0.641826
0.449673,0.631026
0.831730,0.036731
0.834724,0.385681
0.537949,0.210663
0.702187,0.346922
0.810908,0.796271
0.207447,0.699654
0.503765,0.829858
0.794295,0.090758
0.773409,0.258214
0.467688,0.031448
0.115298,0.658332
0.186426,0.139815
0.586821,0.372283
0.377910,0.588391
0.033850,0.701288
0.629472,0.869329
0.007898,0.421408
0.334712,0.647881
0.100208,0.913149
0.306276,0.466841
0.186161,0.021750
0.809221,0.456446
0.575965,0.434968
0.399333,0.834096
0.252575,0.373215
0.337878,0.678556
0.300173,0.970766
0.877433,0.763173
0.900866,0.506961
0.420986,0.774072
0.953982,0.400750
0.028555,0.512204
0.922354,0.886595
0.965236,0.942846
0.198462,0.972428
0.751850,0.129891
0.333147,0.959913
0.970325,0.309274
0.765823,0.801490
0.458714,0.165342
0.000843,0.147491
0.882955,0.301282
0.080375,0.236184
0.203322,0.090167
0.244733,0.684714
0.845668,0.374258
0.477344,0.344712
0.470801,0.686786
0.698780,0.912833
0.668437,0.831347
0.706224,0.763056
0.095825,0.128502
0.763044,0.133526
0.773260,0.898021
0.819791,0.730372
0.424592,0.393850
0.071657,0.488309
0.740429,0.586429
0.221694,0.608522
0.767844,0.369133
0.339851,0.823238
0.610567,0.751684
0.914586,0.645577
0.138080,0.187971
0.211232,0.435401
0.339587,0.654045
0.425711,0.284964
0.386816,0.821275
0.034827,0.958513
0.421737,0.163543
0.682340,0.834232
0.464923,0.082640
0.686066,0.101405
0.862466,0.803550
0.012224,0.319026
0.574682,0.383990
0.454692,0.486139
0.959921,0.401703
0.771360,0.302955
0.258649,0.634117
0.603636,0.802418
0.450270,0.372825
0.473547,0.335064
0.535024,0.364862
0.785495,0.980735
0.531712,0.383472
0.674719,0.150387
0.337116,0.934177
0.590153,0.197613
0.812835,0.727629
0.454989,0.048544
0.281714,0.121551
0.489621,0.367104
0.889166,0.686388
0.252327,0.337462
0.296144,0.819169
0.542748,0.178728
0.356885,0.017519
0.324633,0.635983
0.595779,0.357244
0.036612,0.738680
0.248627,0.084047
0.094573,0.726787
0.632920,0.431101
0.274696,0.971853
0.688992,0.244101
0.825571,0.834918
0.732688,0.523559
0.458420,0.076536
0.372795,0.146750
0.976843,0.637814
0.882037,0.381913
0.980266,0.078765
0.927441,0.749267
0.422530,0.022383
0.950359,0.256858
0.652895,0.882925
0.836853,0.433435
0.116425,0.191644
0.260976,0.303201
0.514040,0.854244
0.243752,0.798954
0.374236,0.472918
0.760719,0.436946
0.746870,0.778309
0.276854,0.671440
0.604623,0.909746
0.678208,0.272679
0.407183,0.018719
0.414325,0.129767
0.267053,0.599079
0.975898,0.318159
0.221324,0.018073
0.324609,0.063722
0.287831,0.712034
0.826975,0.587914
0.634773,0.328752
0.389040,0.929873
0.012567,0.340596
0.346366,0.444383
0.461948,0.742571
0.210637,0.697725
0.672986,0.255693
0.032267,0.852292
0.967724,0.631384
0.561326,0.345299
0.207551,0.984869
0.369191,0.291823
0.315338,0.674501
0.029565,0.624863
0.166734,0.351626
0.431531,0.995826
0.023408,0.973357
0.556439,0.490757
0.234719,0.921176
0.131697,0.607122
0.849668,0.096980
0.218305,0.992131
0.570745,0.178622
0.159118,0.777525
0.734461,0.401117
0.408516,0.751281
0.418180,0.599249
0.319403,0.363175
0.105639,0.884758
0.960239,0.761753
0.317775,0.535627
0.392173,0.859057
0.494833,0.463914
0.826138,0.449456
0.923911,0.177627
0.288408,0.532666
0.334055,0.464021
0.172271,0.907281
0.383353,0.653104
0.974247,0.410294
0.636417,0.618876
0.138572,0.619920
0.998910,0.599568
0.732148,0.945489
0.325020,0.249941
0.569306,0.471914
0.090966,0.370296
0.742965,0.883512
0.654116,0.552057
0.863438,0.850309
0.161379,0.369064
0.874650,0.175211
0.937141,0.921386
0.322724,0.292982
0.894446,0.207007
0.461180,0.245047
0.603249,0.989713
0.796754,0.972805
0.500215,0.111157
0.604007,0.331259
0.920156,0.159267
0.462212,0.962474
0.006883,0.032323
0.676872,0.867063
0.995535,0.862169
0.070366,0.417090
0.260029,0.715977
0.120982,0.776597
0.647089,0.534171
0.023720,0.480808
0.726032,0.292963
0.398397,0.822316
0.768762,0.363373
0.716625,0.511560
0.649630,0.428589
0.124057,0.145984
0.262499,0.825229
0.753578,0.111784
0.168953,0.412893
0.339835,0.912975
0.795553,0.210085
0.097126,0.642036
0.074070,0.899195
0.491577,0.244728
0.260000,0.295292
0.444672,0.787374
0.699562,0.568231
0.594428,0.761323
0.148024,0.288430
0.221022,0.370851
0.362724,0.291218
0.944792,0.158302
0.633895,0.475285
0.439862,0.294880
0.743733,0.695083
0.146526,0.292333
0.384227,0.636762
0.028005,0.211662
0.302957,0.584235
0.259421,0.721139
0.745457,0.996118
0.405845,0.618460
0.170410,0.344214
0.155877,0.852610
0.314296,0.374363
0.865409,0.485246
0.169121,0.525237
0.175387,0.897134
0.014233,0.946948
0.342367,0.309308
0.224310,0.278316
0.778014,0.789274
0.649997,0.356501
0.459322,0.912703
0.906302,0.839977
0.845746,0.783087
0.524118,0.228371
0.202530,0.664244
0.398491,0.098840
0.329515,0.067198
0.553284,0.534754
0.741258,0.872616
0.970437,0.055975
0.566702,0.247972
0.256072,0.739436
0.689699,0.650807
0.245087,0.689637
0.456066,0.040233
0.609138,0.551976
0.091359,0.190014
0.830692,0.063669
0.903134,0.522558
0.060865,0.227586
0.585677,0.581270
0.464271,0.536934
0.781413,0.318858
0.633906,0.196426
0.116406,0.083386
0.197396,0.542369
0.214994,0.487231
0.569329,0.581714
0.861139,0.111524
0.886517,0.777396
0.194799,0.805766
0.614413,0.456254
0.000495,0.754560
0.601354,0.492605
0.176532,0.507293
0.514200,0.951436
0.299637,0.867261
0.249022,0.275288
0.561264,0.308804
0.440044,0.977229
0.945697,0.487580
0.319208,0.974354
0.470506,0.163131
0.065559,0.432015
0.304641,0.925295
0.443198,0.637883
0.538590,0.182656
0.778792,0.762853
0.213216,0.501780
0.320016,0.530400
0.102917,0.300061
0.609527,0.571008
0.154598,0.156388
0.766397,0.785811
0.852357,0.610123
0.157133,0.956707
0.981154,0.653491
0.788749,0.779755
0.269383,0.932844
0.471982,0.856238
0.303618,0.144987
0.333722,0.353934
0.745214,0.449708
0.425298,0.393542
0.417124,0.762223
0.404081,0.968680
0.353612,0.805371
0.974986,0.767049
0.019480,0.704339
0.208609,0.716673
0.294797,0.373475
0.321846,0.790920
0.325685,0.559972
0.199452,0.214980
0.502943,0.856403
0.106835,0.243138
0.325483,0.479683
0.721264,0.469872
0.971133,0.046000
0.659418,0.687801
0.908887,0.487041
0.280143,0.606705
0.375019,0.101440
0.639629,0.276046
0.369449,0.923606
0.111031,0.134285
0.749826,0.324546
0.775243,0.413777
0.151773,0.150420
0.298856,0.199994
0.088005,0.245227
0.572733,0.762787
0.260719,0.531027
0.291419,0.021852
0.772101,0.068004
0.785901,0.711403
0.313961,0.853433
0.905103,0.445840
0.884585,0.184140
0.468326,0.460804
0.333012,0.677669
0.704060,0.255358
0.747650,0.023138
0.119190,0.410779
0.396308,0.486358
0.048031,0.528397
0.912982,0.512262
0.016201,0.437207
0.032084,0.504212
0.798278,0.790138
0.492009,0.574815
0.634374,0.734434
0.565307,0.974228
0.780588,0.531762
0.798591,0.846299
0.087730,0.922497
0.610031,0.992950
0.751907,0.767115
0.430947,0.276865
0.451289,0.880541
0.738937,0.650444
0.073026,0.647840
0.339810,0.527714
0.692586,0.820209
0.432397,0.021484
0.574738,0.006354
0.828223,0.018872
0.225230,0.427150
0.258853,0.222890
0.674538,0.326619
0.457753,0.665402
0.769928,0.574438
0.354645,0.880312
0.867243,0.152605
0.772992,0.206144
0.181587,0.026224
0.601921,0.844698
0.779463,0.540076
0.954661,0.327461
0.315336,0.230104
0.208807,0.302930
0.424284,0.271078
0.936302,0.217236
0.355345,0.137312
0.898880,0.439641
0.834157,0.375114
0.443952,0.743942
0.739913,0.380417
0.446812,0.399178
0.205632,0.380505
0.814499,0.092852
0.175097,0.913283
0.724518,0.121704
0.756606,0.120358
0.489108,0.604848
0.749683,0.316880
0.190981,0.985152
0.799791,0.359858
0.255285,0.111992
0.456954,0.007256
0.803412,0.400308
0.857493,0.354681
0.945732,0.836535
0.434149,0.847808
0.300694,0.999707
0.084451,0.643582
0.389686,0.471361
0.951309,0.274716
0.647360,0.323271
0.140736,0.248998
0.564579,0.127948
0.155758,0.695070
0.762288,0.061181
0.802380,0.866345
0.660952,0.371704
0.414876,0.157483
0.172420,0.936292
0.965300,0.741967
0.810320,0.181615
0.879077,0.109392
0.162374,0.497555
0.306065,0.625312
0.908981,0.265181
0.321073,0.783269
0.331582,0.888820
0.034223,0.872028
0.913577,0.046499
0.377037,0.598507
0.525205,0.158173
0.014938,0.897189
0.092124,0.988192
0.112411,0.475689
0.983369,0.856140
0.536727,0.134405
0.603271,0.636855
0.311431,0.469487
0.902883,0.128199
0.656374,0.365583
0.613610,0.716315
0.477790,0.748719
0.851968,0.196287
0.219311,0.129808
0.942289,0.225552
0.082189,0.094789
0.403839,0.886918
0.105228,0.226223
0.184627,0.659369
0.328626,0.973957
0.668356,0.519917
0.577167,0.883583
0.759894,0.131707
0.422021,0.661202
0.579369,0.934624
0.034225,0.906015
0.385030,0.048018
0.197896,0.182172
0.142954,0.034114
0.794772,0.161885
0.322532,0.572087
0.483845,0.343902
0.628713,0.816989
0.577201,0.452104
0.214836,0.621313
0.545879,0.117819
0.279305,0.768511
0.923886,0.337255
0.892527,0.255284
0.806988,0.487355
0.548901,0.663248
0.668013,0.342375
0.519073,0.063118
0.365422,0.642293
0.964754,0.126228
0.227125,0.457433
0.111137,0.550465
0.295713,0.873307
0.307030,0.436164
0.984312,0.082967
0.866967,0.504724
0.397558,0.941250
0.998545,0.194878
0.840013,0.221857
0.016719,0.733412
0.353936,0.600936
0.151771,0.859926
0.525045,0.800260
0.362656,0.230424
0.947163,0.530870
0.374472,0.100138
0.165636,0.634313
0.618184,0.843239
0.751104,0.152051
0.942192,0.609666
0.858295,0.278421
0.959057,0.948899
0.296496,0.900957
0.972009,0.893744
0.468004,0.136120
0.938143,0.000354
0.251329,0.555757
0.311605,0.923052
0.613117,0.959276
0.059222,0.410376
0.143792,0.822441
0.764593,0.806988
0.950911,0.242463
0.786313,0.646085
0.391000,0.193371
0.834329,0.070532
0.963357,0.276218
0.892639,0.123471
0.739655,0.944341
0.151846,0.443381
0.672238,0.760585
0.010769,0.117292
0.311161,0.102612
0.628546,0.471109
0.660421,0.298822
0.124864,0.742912
0.454367,0.070403
0.978993,0.910506
0.341377,0.272103
0.987959,0.381502
0.891117,0.112838
0.466526,0.584979
0.876242,0.691437
0.794456,0.758460
0.224633,0.103050
0.997605,0.603316
0.599047,0.362549
0.869361,0.664911
0.836709,0.963244
0.421674,0.638060
0.865167,0.280204
0.724052,0.275866
0.251671,0.507824
0.419645,0.836296
0.983087,0.083093
0.101131,0.805991
0.242744,0.494976
0.591084,0.665628
0.103965,0.780922
0.708529,0.560671
0.837412,0.375822
0.518967,0.925243
0.382587,0.601662
0.590343,0.793600
0.954071,0.575626
0.117473,0.764031
0.360701,0.672609
0.903790,0.421829
0.393745,0.744310
0.347304,0.788136
0.852233,0.573345
0.522765,0.940197
0.813161,0.628118
0.777631,0.669068
0.025641,0.566930
0.024144,0.945950
0.098804,0.920670
0.801895,0.729057
0.849430,0.253514
0.818368,0.344050
0.973580,0.248701
0.446007,0.047799
0.458205,0.990976
0.263174,0.793641
0.209381,0.770809
0.547278,0.321881
0.401321,0.348539
0.815469,0.844720
0.856646,0.333763
0.616403,0.739859
0.836236,0.227571
0.828683,0.101298
0.721941,0.639452
0.312924,0.497193
0.186192,0.382696
0.264680,0.707396
0.350594,0.805897
0.895780,0.754771
0.959308,0.322760
0.111481,0.581847
0.908830,0.700228
0.560485,0.756771
0.538254,0.397971
0.695636,0.198620
0.090542,0.597969
0.876933,0.404637
0.263370,0.715888
0.532828,0.396757
0.921258,0.103626
0.956075,0.814573
0.887451,0.293912
0.570107,0.082212
0.999439,0.442536
0.040773,0.547987
0.667521,0.273788
0.494493,0.833248
0.983262,0.245352
0.225833,0.647895
0.215968,0.012418
0.243680,0.020774
0.612221,0.837931
0.414526,0.551226
0.568086,0.412324
0.847905,0.580896
0.627255,0.888604
0.979131,0.746793
0.706746,0.981916
0.803426,0.263557
0.370229,0.900053
0.936922,0.320155
0.357074,0.958091
0.134493,0.859945
0.986256,0.246895
0.538275,0.128765
0.981011,0.784219
0.507454,0.475738
0.313485,0.807254
0.604092,0.720106
0.717565,0.644966
0.554073,0.985077
0.465286,0.574259
0.053201,0.618806
0.497133,0.436184
0.953164,0.171341
0.559959,0.558996
0.057546,0.347603
0.867577,0.147880
0.682007,0.065413
0.718869,0.569754
0.947351,0.727761
0.713612,0.490810
0.704218,0.942748
0.986207,0.215204
0.452112,0.538396
0.674668,0.330533
0.569857,0.875969
0.946268,0.144233
0.539613,0.681322
0.314459,0.006775
0.609594,0.712114
0.358350,0.119683
0.977354,0.613850
0.529772,0.730380
0.732556,0.248800
0.601525,0.758821
0.179341,0.181238
0.649407,0.494975
0.119500,0.089106
0.946147,0.574003
0.949030,0.387451
0.407574,0.696415
0.138510,0.343295
0.095863,0.355157
0.707263,0.879065
0.499682,0.184566
0.401428,0.226640
0.985636,0.633007
0.339720,0.751815
0.523867,0.020401
0.606159,0.982010
0.059146,0.373147
0.168513,0.963600
0.529121,0.004661
0.384754,0.027654
0.905145,0.563365
0.859359,0.955712
0.188482,0.620872
0.181787,0.218374
0.345248,0.872097
0.912615,0.599718
0.573985,0.891437
0.706368,0.879672
0.177492,0.148850
0.818995,0.030342
0.038774,0.537590
0.958031,0.940704
0.807205,0.311665
0.291431,0.349054
0.180417,0.518489
0.900231,0.497651
0.603503,0.997342
0.919999,0.937818
0.928606,0.547980
0.388846,0.447936
0.116382,0.554462
0.338344,0.365694
0.239451,0.817586
0.188340,0.404285
0.358321,0.916611
0.921125,0.810907
0.909668,0.707637
0.839062,0.098780
0.519844,0.663513
0.320553,0.527337
0.575087,0.531926
0.394185,0.546381
0.200932,0.320316
0.447905,0.198042
0.944247,0.426319
0.435139,0.082389
0.023834,0.104319
0.561253,0.609663
0.305898,0.992287
0.770741,0.770843
0.698902,0.527550
0.041633,0.946780
0.307120,0.587470
0.900276,0.542787
0.640932,0.739257
0.534292,0.047208
0.302946,0.188239
0.964187,0.052435
0.825394,0.873705
0.738540,0.523984
0.178290,0.370824
0.699183,0.910662
0.098651,0.949964
0.892356,0.712411
0.072963,0.203608
0.206737,0.640421
0.015593,0.922086
0.206030,0.689390
0.924312,0.004739
0.240387,0.813638
0.831304,0.984402
0.987085,0.826572
0.371784,0.837787
0.044757,0.141669
0.246173,0.668533
0.881945,0.422841
0.570540,0.863743
0.626190,0.204876
0.878681,0.736634
0.272615,0.690281
0.415887,0.413640
0.278087,0.901076
0.816725,0.488216
0.600130,0.626537
0.395468,0.696002
0.449128,0.662963
0.222975,0.637597
0.115278,0.902217
0.488537,0.183359
0.327379,0.943503
0.256499,0.680906
0.930619,0.398205
0.536260,0.284705
0.570108,0.108492
0.119401,0.822877
0.884027,0.950209
0.554750,0.497967
0.127115,0.995558
0.468957,0.109344
0.228645,0.833095
0.184478,0.762541
0.806409,0.241752
0.615321,0.438109
0.142759,0.597001
0.041052,0.933616
0.766790,0.188969
0.210431,0.317921
0.568801,0.948589
0.341347,0.950414
0.921840,0.350117
0.200649,0.644135
0.391312,0.153098
0.291806,0.063649
0.183963,0.194339
0.658012,0.438872
0.871337,0.069383
0.245776,0.528557
0.556853,0.143363
0.964177,0.056713
0.684763,0.409924
0.534274,0.618586
0.169915,0.932801
0.370372,0.143486
0.103793,0.233662
0.381213,0.562712
0.813706,0.768695
0.119642,0.224518
0.628287,0.563639
0.073924,0.648863
0.910811,0.937211
0.644790,0.282468
0.616049,0.449671
0.748069,0.682881
0.612609,0.345146
0.987977,0.454984
0.919427,0.153138
0.536455,0.360135
0.144407,0.637093
0.174353,0.967370
0.999140,0.881937
0.368078,0.020937
0.805450,0.143984
0.459932,0.710686
0.541499,0.226986
0.402231,0.840135
0.352941,0.941881
0.421141,0.417726
0.733449,0.443893
0.388443,0.363560
0.326011,0.398883
0.723308,0.205915
0.216959,0.190965
0.194602,0.873606
0.659326,0.618876
0.900354,0.548206
0.763977,0.408208
0.644000,0.213514
0.141331,0.108650
0.652237,0.300320
0.832888,0.774578
0.623596,0.050886
0.217178,0.551693
0.156719,0.384291
0.517501,0.180315
0.442980,0.693970
0.385971,0.666994
0.273320,0.745972
0.563364,0.155856
0.401876,0.781859
0.197810,0.411290
0.468580,0.868030
0.130555,0.931252
0.316215,0.933020
0.612325,0.735318
0.875917,0.676189
0.786962,0.085750
0.008669,0.862249
0.052753,0.852601
0.313294,0.901804
0.203007,0.150603
0.213012,0.840679
0.362940,0.909246
0.583449,0.828255
0.475087,0.703603
0.289741,0.101499
0.561888,0.900817
0.152017,0.415186
0.532305,0.618289
0.158280,0.552321
0.469568,0.983303
0.689964,0.903652
0.976125,0.663869
0.146646,0.444904
0.755674,0.135599
0.380949,0.379370
0.170458,0.019954
0.688121,0.817952
0.930942,0.584891
0.181834,0.893988
0.970297,0.946604
0.566783,0.885604
0.987815,0.886491
0.068890,0.134943
0.300105,0.393616
0.149486,0.992897
0.790968,0.668904
0.961575,0.320699
0.711408,0.948762
0.083073,0.602813
0.799318,0.015956
0.891048,0.417739
0.169060,0.851253
0.192023,0.280246
0.520432,0.915925
0.489609,0.905817
0.052011,0.238804
0.306636,0.448931
0.432950,0.040456
0.749998,0.759765
0.458088,0.080244
0.551274,0.130650
0.978249,0.624170
0.734641,0.019212
0.380671,0.904535
0.380017,0.035983
0.671904,0.696856
0.335635,0.803146
0.853627,0.784120
0.407195,0.342129
0.942906,0.719117
0.552383,0.488830
0.266673,0.913357
0.918776,0.084795
0.666223,0.318614
0.508791,0.113525
0.810755,0.806227
0.107050,0.074415
0.373388,0.154006
0.801457,0.778877
0.863690,0.009645
0.013447,0.806986
0.870160,0.617461
0.156244,0.626126
0.871349,0.460763
0.873401,0.786132
0.105833,0.121978
0.704148,0.199521
0.746064,0.081156
0.091704,0.951392
0.003841,0.791593
0.233076,0.049999
0.079412,0.320405
0.529333,0.476044
0.197300,0.987930
0.605458,0.186065
0.288063,0.676159
0.865008,0.061266
0.184928,0.006313
0.175851,0.197720
0.143893,0.541998
0.972724,0.699967
0.702868,0.075780
0.187048,0.321405
0.991980,0.162424
0.635297,0.592308
0.601554,0.506654
0.285403,0.426523
0.824469,0.735443
0.530551,0.654842
0.968139,0.251668
0.754297,0.064653
0.062783,0.344223
0.732914,0.619845
0.817704,0.079952
0.764434,0.716110
0.011999,0.744269
0.088232,0.588139
0.916333,0.361480
0.681081,0.678196
0.065879,0.262437
0.839725,0.450787
0.742193,0.480449
0.499695,0.763412
0.313475,0.999097
0.190285,0.587229
0.042699,0.352895
0.464945,0.461640
0.923446,0.846482
0.972276,0.463624
0.899090,0.452176
0.142083,0.750552
0.419597,0.024480
0.139432,0.316723
0.989762,0.632193
0.399418,0.013950
0.791375,0.661772
0.172780,0.592937
0.183910,0.094846
0.391292,0.149900
0.337315,0.021681
0.392232,0.303522
0.955196,0.549329
0.227739,0.486535
0.723729,0.432856
0.947331,0.159821
0.969100,0.059760
0.961439,0.066906
0.323283,0.476700
0.289322,0.235152
0.943338,0.803622
0.416345,0.012968
0.308008,0.158602
0.630459,0.684058
0.428997,0.121847
0.129428,0.281897
0.724757,0.807124
0.864098,0.369568
0.970431,0.063125
0.447078,0.417001
0.209456,0.326201
0.233438,0.871874
0.312537,0.915738
0.972528,0.786806
0.554996,0.577220
0.331061,0.194378
0.127133,0.321833
0.632682,0.971136
0.228927,0.592835
0.237018,0.819657
0.488588,0.469753
0.019397,0.510960
0.095583,0.750192
0.623607,0.081308
0.490940,0.602600
0.890911,0.958273
0.266007,0.449485
0.777433,0.791282
0.276210,0.143083
0.847773,0.059021
0.246586,0.633070
0.327214,0.824837
0.482553,0.146120
0.272758,0.320036
0.985285,0.604771
0.536310,0.824136
0.645842,0.957726
0.597587,0.120362
0.733420,0.735495
0.194943,0.798848
0.282456,0.790709
0.422991,0.818587
0.010914,0.260988
0.144060,0.025284
0.651635,0.762374
0.078710,0.464939
0.909807,0.147615
0.625890,0.555264
0.593845,0.758462
0.107745,0.273552
0.275949,0.706297
0.453333,0.162901
0.128536,0.956106
0.123915,0.867738
0.552575,0.368822
0.315269,0.720501
0.550127,0.628890
0.646328,0.395538
0.326610,0.836073
0.034534,0.282909
0.565617,0.568530
0.883260,0.055859
0.717270,0.131867
0.063878,0.067895
0.151570,0.522781
0.940123,0.235014
0.754660,0.972319
0.338158,0.412642
0.750851,0.492456
0.545111,0.524679
0.641819,0.395990
0.154984,0.822846
0.814364,0.448498
0.115249,0.911424
0.260755,0.239265
0.644759,0.557685
0.052483,0.842893
0.225520,0.042395
0.219001,0.232666
0.152631,0.870483
0.500584,0.322950
0.755963,0.670263
0.019256,0.765537
0.492227,0.669642
0.697125,0.550031
0.040130,0.589669
0.208837,0.582739
0.007152,0.701824
0.581583,0.368118
0.898579,0.164179
0.212778,0.536230
0.915201,0.744254
0.281417,0.556263
0.510880,0.159863
0.201586,0.607619
0.334486,0.327058
0.260342,0.119168
0.285382,0.028817
0.603368,0.651409
0.511805,0.405691
0.184832,0.041660
0.804636,0.742813
0.874234,0.200143
0.570207,0.747273
0.832930,0.674206
0.886652,0.817860
0.360938,0.054368
0.626118,0.566847
0.884380,0.252333
0.511099,0.309902
0.216424,0.180919
0.333932,0.499593
0.719942,0.719969
0.457884,0.390754
0.753859,0.920819
0.480176,0.596740
0.795003,0.667024
0.937825,0.077674
0.107262,0.000271
0.031200,0.050028
0.011212,0.274231
0.000009,0.445061
0.728748,0.961208
0.097233,0.368050
0.645772,0.970940
0.741846,0.372821
0.279979,0.653626
0.297470,0.034993
0.120077,0.141838
0.456928,0.932246
0.983283,0.914566
0.120325,0.636710
0.952425,0.792763
0.880291,0.932043
0.174581,0.112587
0.724809,0.455245
0.886440,0.694919
0.273135,0.022559
0.563231,0.063284
0.691802,0.215476
0.397539,0.377425
0.037161,0.432488
0.465702,0.175023
0.013269,0.897408
0.656610,0.959429
0.876376,0.709902
0.718871,0.202699
0.267284,0.671243
0.963190,0.188070
0.689675,0.810354
0.995837,0.044123
0.563212,0.856998
0.558944,0.702947
0.791964,0.715569
0.742526,0.286517
0.088416,0.367297
0.820714,0.544591
0.373267,0.901821
0.726199,0.540767
0.320711,0.639314
0.407002,0.580212
0.372110,0.983513
0.767313,0.147633
0.672658,0.889429
0.675711,0.407826
0.961386,0.086446
0.253200,0.137641
0.924719,0.645464
0.450769,0.539212
0.680338,0.889741
0.343454,0.918299
0.982714,0.145050
0.341650,0.632697
0.744794,0.851098
0.573693,0.977232
0.792278,0.824686
0.396350,0.823443
0.880723,0.990504
0.543997,0.519569
0.575465,0.254717
0.550449,0.942290
0.739711,0.684011
0.787724,0.489180
0.325487,0.836469
0.373322,0.936928
0.523121,0.819361
0.219071,0.351134
0.407998,0.751566
0.106427,0.640469
0.453654,0.834349
0.895234,0.188331
0.000596,0.793594
0.504511,0.107801
0.144356,0.072207
0.950111,0.241833
0.406120,0.825232
0.541967,0.096587
0.814494,0.023506
0.031097,0.121076
0.185714,0.776068
0.071336,0.253434
0.951013,0.421918
0.357514,0.403001
0.697819,0.300215
0.387747,0.208448
0.428524,0.589691
0.478439,0.614803
0.041875,0.491333
0.031518,0.319632
0.031040,0.700632
0.861175,0.383755
0.539017,0.098007
0.688591,0.620232
0.351055,0.971362
0.490308,0.027328
0.038672,0.487448
0.905875,0.474872
0.543735,0.082965
0.724279,0.715608
0.922311,0.454686
0.749052,0.241379
0.984000,0.034342
0.309814,0.777164
0.854642,0.216555
0.410607,0.010294
0.128384,0.862717
0.780835,0.935538
0.444430,0.502073
0.463180,0.697131
0.388178,0.924980
0.653702,0.048715
0.585661,0.698217
0.491099,0.902262
0.293389,0.162746
0.290287,0.331416
0.109675,0.154796
0.837374,0.199123
0.486247,0.005692
0.775740,0.806803
0.905410,0.772463
0.043875,0.182678
0.340070,0.683033
0.845538,0.228733
0.444666,0.700780
0.911655,0.101538
0.139205,0.740356
0.946672,0.562771
0.438097,0.366676
0.698921,0.020538
0.525175,0.693812
0.634832,0.106328
0.473658,0.278902
0.557282,0.422255
0.065175,0.262776
0.948662,0.357643
0.401327,0.919274
0.906616,0.875533
0.121011,0.161995
0.570421,0.664641
0.446102,0.996520
0.373317,0.263007
0.066819,0.789998
0.185510,0.413256
0.559667,0.232248
0.147387,0.133215
0.701474,0.011194
0.059994,0.788087
0.112753,0.665911
0.585573,0.008857
0.880385,0.137062
0.920732,0.860586
0.801225,0.188667
0.474760,0.478734
0.099047,0.387858
0.633397,0.541403
0.803870,0.146112
0.126956,0.509868
0.861185,0.067994
0.513385,0.987362
0.566157,0.247068
0.753414,0.839771
0.361723,0.225342
0.262468,0.059673
0.431871,0.870669
0.780632,0.027665
0.671656,0.930780
0.390776,0.606437
0.866935,0.748609
0.127326,0.614896
0.790468,0.888744
0.646041,0.755430
0.157285,0.598979
0.287628,0.773099
0.432742,0.030914
0.066334,0.084843
0.891650,0.145564
0.641400,0.369521
0.393267,0.464507
0.806811,0.917111
0.303497,0.535291
0.327088,0.308142
0.948496,0.511440
0.386094,0.871159
0.688452,0.695250
0.923454,0.605205
0.661009,0.573988
0.469328,0.090988
0.489676,0.342410
0.516998,0.631366
0.251593,0.268212
0.271251,0.288947
0.513518,0.313052
0.905811,0.907218
0.566015,0.348513
0.306348,0.825735
0.517672,0.411539
0.263910,0.423848
0.659111,0.768314
0.890550,0.139278
0.769909,0.295015
0.687103,0.361487
0.542776,0.321142
0.798031,0.581749
0.173416,0.724593
0.876146,0.638595
0.205734,0.789945
0.830389,0.183078
0.647477,0.496956
0.245634,0.484343
0.270740,0.568189
0.537409,0.146340
0.605984,0.252536
0.966514,0.813115
0.983868,0.003267
0.188928,0.934122
0.927806,0.454761
0.990854,0.583584
0.277092,0.567454
0.199190,0.050993
0.427707,0.981697
0.595272,0.476368
0.386885,0.119445
0.181105,0.361335
0.801300,0.054502
0.847175,0.277356
0.548491,0.268414
0.783871,0.925748
0.686724,0.204893
0.891312,0.566567
0.009856,0.337606
0.624360,0.277174
0.429803,0.230488
0.618312,0.570617
0.266736,0.552616
0.840768,0.151703
0.553710,0.316718
0.219872,0.805710
0.825119,0.203141
0.616297,0.954473
0.091178,0.740456
0.978672,0.269729
0.486257,0.095684
0.845382,0.220973
0.459507,0.165643
0.173543,0.220342
0.107387,0.238771
0.308494,0.579638
0.599716,0.386703
0.213388,0.100367
0.081997,0.712425
0.442528,0.739164
0.384476,0.615053
0.380163,0.541265
0.271723,0.881806
0.491520,0.789588
0.523935,0.322080
0.499032,0.615638
0.838219,0.606554
0.372961,0.703456
0.600954,0.698929
0.377664,0.788070
0.207131,0.314212
0.405102,0.248766
0.290679,0.230895
0.600436,0.469713
0.024276,0.935266
0.244073,0.697581
0.452246,0.800101
0.388870,0.345184
0.380971,0.490957
0.724178,0.909188
0.089461,0.254926
0.228557,0.366595
0.997099,0.478531
0.168542,0.853647
0.645009,0.599105
0.810142,0.845903
0.979161,0.364572
0.760710,0.089973
0.915850,0.092377
0.695313,0.050065
0.079255,0.932010
0.453101,0.293153
0.858500,0.278513
0.915963,0.229089
0.311598,0.520508
0.231816,0.092271
0.052147,0.654622
0.784263,0.953839
0.941509,0.175944
0.547939,0.942016
0.894922,0.236245
0.807729,0.195385
0.712529,0.067382
0.101510,0.817290
0.178731,0.124137
0.462537,0.760860
0.723208,0.152719
0.932150,0.245647
0.008746,0.855407
0.766350,0.513246
0.020718,0.504510
0.056850,0.134949
0.048344,0.155909
0.132291,0.861688
0.834280,0.573865
0.279277,0.245789
0.175145,0.109876
0.248215,0.640136
0.754514,0.067074
0.377425,0.000573
0.460773,0.798838
0.677525,0.395017
0.541469,0.403898
0.525051,0.962105
0.943285,0.353935
0.605517,0.718356
0.749343,0.751631
0.523470,0.407678
0.503153,0.499727
0.804839,0.206893
0.599798,0.367501
0.298442,0.604396
0.412413,0.375944
0.373623,0.314545
0.198703,0.016042
0.435538,0.638454
0.147170,0.865197
0.790524,0.749225
0.649071,0.301972
0.244492,0.016378
0.227071,0.439026
0.486776,0.466349
0.465205,0.882383
0.463299,0.415800
0.051346,0.947725
0.897039,0.922747
0.295418,0.053119
0.465089,0.386557
0.653432,0.433382
0.598236,0.354774
0.512562,0.477108
0.933977,0.868629
0.479459,0.352482
0.193479,0.921985
0.165945,0.992100
0.145939,0.711105
0.269609,0.024684
0.218694,0.521091
0.024140,0.403412
0.798511,0.460291
0.621773,0.284927
0.050916,0.516998
0.123298,0.438398
0.487517,0.763640
0.036156,0.779308
0.728664,0.566351
0.067289,0.968129
0.932948,0.377925
0.660616,0.439861
0.722544,0.267106
0.142211,0.914995
0.093190,0.383890
0.394399,0.041892
0.302910,0.953560
0.194493,0.569295
0.417589,0.825922
0.151646,0.547056
0.255148,0.916071
0.000567,0.066228
0.858841,0.265508
0.482665,0.066089
0.468307,0.981197
0.924822,0.493482
0.079970,0.459606
0.899405,0.616798
0.979458,0.850594
0.955668,0.258083
0.558569,0.889170
0.814380,0.330600
0.664941,0.526709
0.667752,0.835359
0.589780,0.682601
0.806189,0.778296
0.245297,0.814932
0.433873,0.272189
0.939940,0.300569
0.972761,0.991313
0.051287,0.591693
0.801674,0.257642
0.824069,0.555014
0.844488,0.218953
0.956177,0.464348
0.153258,0.098597
0.542209,0.362993
0.742524,0.419292
0.331213,0.081129
0.162445,0.481174
0.928410,0.066321
0.313957,0.889307
0.435623,0.815061
0.154046,0.473174
0.030596,0.937594
0.118226,0.235682
0.879106,0.491861
0.958274,0.588423
0.405318,0.849450
0.286468,0.610573
0.164894,0.159192
0.327143,0.376848
0.082878,0.082095
0.796194,0.008490
0.540370,0.492648
0.092315,0.970060
0.808098,0.647970
0.991837,0.002087
0.177573,0.133483
0.983701,0.366767
0.685662,0.826757
0.357251,0.571997
0.040430,0.892880
0.330142,0.038942
0.582864,0.988185
0.614363,0.821430
0.192248,0.169934
0.390864,0.993481
0.107538,0.593370
0.615435,0.526087
0.831802,0.284445
0.064943,0.606168
0.259982,0.643464
0.699943,0.096120
0.606484,0.689032
0.032034,0.852156
0.665009,0.694909
0.810271,0.358752
0.508876,0.293653
0.705657,0.401094
0.806966,0.235125
0.984599,0.309326
0.326610,0.240681
0.148721,0.155219
0.079453,0.587683
0.117718,0.107674
0.448920,0.149327
0.073442,0.770367
0.687726,0.579270
0.718640,0.435335
0.122619,0.644311
0.942579,0.552120
0.587671,0.937436
0.209772,0.473228
0.033836,0.156531
0.191489,0.066055
0.031380,0.853068
0.252182,0.186562
0.497617,0.658329
0.397490,0.709142
0.323580,0.132903
0.326908,0.966697
0.422348,0.314788
0.915493,0.566569
0.699855,0.007439
0.783207,0.954290
0.415801,0.486894
0.988369,0.148168
0.884219,0.240023
0.603922,0.957063
0.907307,0.720784
0.417870,0.770860
0.631538,0.711365
0.800209,0.373024
0.002737,0.482798
0.824324,0.501077
0.211062,0.332518
0.658666,0.736545
0.504981,0.530869
0.889586,0.993631
0.612464,0.612225
0.434938,0.949817
0.800279,0.454953
0.719107,0.547123
0.538792,0.755774
0.044514,0.332605
0.407336,0.627043
0.791838,0.474518
0.878234,0.929048
0.914105,0.608760
0.230945,0.315180
0.590894,0.449271
0.300283,0.652055
0.038710,0.229473
0.904380,0.254142
0.265366,0.530743
0.040544,0.952009
0.449250,0.396980
0.430011,0.958637
0.802391,0.273635
0.814425,0.546546
0.416755,0.501752
0.952597,0.794630
0.640020,0.306204
0.600245,0.051196
0.988868,0.213415
0.661289,0.287557
0.115872,0.234833
0.989277,0.560755
0.328587,0.545063
0.200257,0.685084
0.079677,0.646843
0.946579,0.020691
0.129877,0.749410
0.258193,0.657457
0.671811,0.415576
0.905955,0.204093
0.163907,0.097604
0.931741,0.309492
0.542320,0.548681
0.068590,0.982814
0.873221,0.853030
0.003328,0.239551
0.778665,0.794427
0.944364,0.965144
0.113371,0.451292
0.121439,0.766000
0.779538,0.465297
0.122098,0.667998
0.278301,0.083268
0.789000,0.353240
0.387881,0.189300
0.944941,0.725315
0.910920,0.620342
0.969422,0.766484
0.992123,0.162292
0.342101,0.522087
0.689530,0.194170
0.991114,0.757314
0.351383,0.340181
0.389278,0.756756
0.103569,0.512420
0.811809,0.212360
0.190144,0.637489
0.773463,0.747734
0.066901,0.993022
0.226751,0.657026
0.912883,0.494375
0.770839,0.387276
0.642527,0.199113
0.041965,0.452909
0.003722,0.355421
0.987662,0.933920
0.648717,0.415534
0.837519,0.969584
0.862007,0.085225
0.843022,0.594648
0.561412,0.116494
0.135770,0.494345
0.996136,0.725904
0.340703,0.624947
0.032480,0.835227
0.317067,0.312058
0.822165,0.293451
0.858657,0.054913
0.300205,0.964078
0.136919,0.258281
0.379581,0.153037
0.339941,0.412030
0.074397,0.530962
0.075112,0.308385
0.299820,0.022732
0.981254,0.327754
0.711800,0.869505
0.931410,0.602906
0.851570,0.362532
0.095157,0.264200
0.333785,0.888408
0.182619,0.212310
0.800372,0.231519
0.276515,0.841467
0.550208,0.541306
0.859253,0.811577
0.548937,0.577362
0.690482,0.297206
0.552367,0.297546
0.895326,0.752302
0.040737,0.918838
0.420171,0.657898
0.269048,0.052053
0.068748,0.948984
0.588304,0.106829
0.476977,0.469223
0.361128,0.541964
0.264282,0.590854
0.561190,0.794107
0.082009,0.168380
0.648486,0.569015
0.866692,0.630839
0.016845,0.218418
0.708161,0.169370
0.957292,0.863825
0.509684,0.989647
0.005286,0.522975
0.273314,0.794661
0.776262,0.187550
0.547564,0.059372
0.211008,0.666882
0.192472,0.527781
0.344268,0.404521
0.590770,0.910746
0.287663,0.249031
0.856140,0.124649
0.420224,0.648338
0.497677,0.977816
0.405545,0.191165
0.252936,0.128191
0.184358,0.640821
0.119977,0.671024
0.132449,0.040206
0.998145,0.744880
0.731252,0.684068
0.132962,0.218136
0.959400,0.574575
0.651853,0.717237
0.829971,0.013760
0.106954,0.206333
0.144384,0.724314
0.785597,0.868801
0.325112,0.411127
0.659520,0.680315
0.443412,0.201549
0.635052,0.206781
0.353178,0.869951
0.858114,0.662304
0.489913,0.949143
0.437451,0.252111
0.433293,0.158605
0.781393,0.833690
0.748324,0.524282
0.203840,0.110416
0.287210,0.283446
0.177060,0.769054
0.473234,0.762633
0.065295,0.454429
0.303196,0.224316
0.200924,0.863848
0.839468,0.963508
0.269639,0.480350
0.438129,0.133487
0.781008,0.645220
0.384582,0.986493
0.551747,0.641888
0.144692,0.267676
0.370834,0.254811
0.098835,0.862002
0.516481,0.310217
0.403715,0.062968
0.957154,0.107119
0.898776,0.252099
0.244294,0.957679
0.931372,0.855850
0.574414,0.924431
0.921827,0.627519
0.977452,0.003371
0.958622,0.327377
0.689638,0.553872
0.567951,0.001461
0.193419,0.108466
0.306338,0.764162
0.251168,0.804593
0.586192,0.628847
0.669836,0.960654
0.565216,0.356888
0.379922,0.624619
0.890257,0.324715
0.857796,0.356881
0.758927,0.532486
0.493151,0.430823
0.562435,0.689729
0.103192,0.895925
0.231304,0.866552
0.204959,0.412360
0.995956,0.072604
0.680961,0.975927
0.441281,0.135721
0.738024,0.218470
0.096856,0.256457
0.918203,0.409138
0.991316,0.643019
0.889802,0.893103
0.093483,0.923567
0.611774,0.093510
0.250317,0.598323
0.746418,0.938272
0.241210,0.476012
0.277082,0.167038
0.757326,0.728665
0.926228,0.489549
0.992257,0.795722
0.887468,0.100094
0.503700,0.229329
0.575675,0.000093
0.696379,0.934655
0.753327,0.556287
0.164294,0.738901
0.980705,0.571704
0.667299,0.192545
0.822314,0.234220
0.045204,0.179392
0.827277,0.197645
0.295000,0.061275
0.449467,0.618646
0.031491,0.725744
0.724062,0.366642
0.756589,0.761093
0.834746,0.431823
0.687917,0.833620
0.159069,0.378086
0.171375,0.035130
0.175096,0.842908
0.420357,0.084827
0.157534,0.073213
0.415053,0.434618
0.699688,0.166189
0.713697,0.713722
0.883829,0.530866
0.900914,0.591683
0.961891,0.585620
0.330049,0.453055
0.828776,0.594270
0.660517,0.215588
0.449059,0.172135
0.836690,0.445076
0.315730,0.606281
0.926213,0.798302
0.835624,0.196270
0.295534,0.772558
0.464868,0.091025
0.581403,0.796602
0.126779,0.053792
0.737004,0.533543
0.857176,0.560065
0.394607,0.649655
0.712449,0.816704
0.052832,0.179793
0.875799,0.798943
0.240483,0.050758
0.858303,0.543671
0.074173,0.539003
0.083568,0.525076
0.093537,0.261140
0.548907,0.828110
0.044019,0.490508
0.837901,0.139712
0.790028,0.698776
0.089383,0.147822
0.442348,0.422122
0.633854,0.080157
0.760140,0.460899
0.681339,0.992752
0.337681,0.033106
0.011530,0.027322
0.664882,0.024207
0.809597,0.030347
0.322497,0.757559
0.807972,0.585841
0.082633,0.190422
0.953089,0.098261
0.783650,0.539031
0.371539,0.787466
0.748472,0.604871
0.719225,0.988403
0.312844,0.672179
0.794690,0.504020
0.289862,0.292138
0.159274,0.545775
0.147944,0.668144
0.540013,0.287184
0.522222,0.767987
0.150577,0.824357
0.288977,0.621655
0.042460,0.379445
0.040383,0.434690
0.026251,0.599212
0.002796,0.261285
0.245613,0.345352
0.341489,0.361467
0.515891,0.530035
0.405183,0.563002
0.235802,0.149273
0.269409,0.227845
0.321640,0.661324
0.366211,0.821578
0.785140,0.375326
0.041873,0.714288
0.625017,0.053037
0.207917,0.410183
0.856026,0.558262
0.618091,0.786523
0.016994,0.624398
0.636245,0.938597
0.924642,0.184766
0.064515,0.267811
0.046987,0.122410
0.391677,0.834898
0.124264,0.555793
0.529290,0.004972
0.625578,0.258662
0.856946,0.177445
0.948445,0.498447
0.930900,0.515663
0.378088,0.763853
0.528321,0.064166
0.267799,0.154861
0.065531,0.696645
0.619075,0.295151
0.170871,0.571420
0.669495,0.730552
0.407641,0.158593
0.242716,0.419800
0.716991,0.368257
0.725229,0.528321
0.213874,0.309585
0.778295,0.082168
0.873444,0.822037
0.291625,0.982208
0.389881,0.354676
0.750293,0.757658
0.866273,0.042319
0.403279,0.229079
0.675751,0.339931
0.683183,0.293833
0.959218,0.911433
0.023264,0.084607
0.377271,0.411192
0.279788,0.290601
0.575709,0.814722
0.505216,0.918051
0.772037,0.730780
0.368372,0.556090
0.500970,0.178455
0.982300,0.331551
0.972476,0.465683
0.831753,0.061530
0.688257,0.037541
0.686827,0.057523
0.852965,0.238817
0.916486,0.208937
0.765046,0.355063
0.828526,0.257717
0.315074,0.708878
0.394720,0.221879
0.141416,0.102176
0.094575,0.599855
0.526211,0.721252
0.787373,0.544378
0.606456,0.198619
0.593318,0.630874
0.197990,0.216782
0.404995,0.323020
0.225718,0.882383
0.854814,0.723361
0.956211,0.918130
0.611875,0.504886
0.758398,0.327441
0.389341,0.461713
0.500684,0.407197
0.552550,0.864016
0.891824,0.010672
0.184829,0.820349
0.997263,0.029398
0.106746,0.778633
0.112015,0.127907
0.597197,0.924326
0.244386,0.377291
0.472273,0.702839
0.263887,0.283649
0.979002,0.119701
0.724778,0.415511
0.003074,0.621058
0.213702,0.367905
0.792083,0.133926
0.057945,0.311228
0.070913,0.123174
0.525961,0.771867
0.286836,0.539229
0.225844,0.397002
0.477347,0.838065
0.586557,0.756521
0.407279,0.170601
0.722954,0.941600
0.606568,0.505853
0.073502,0.451292
0.335191,0.418269
0.092225,0.933778
0.695417,0.857277
0.293948,0.519680
0.407248,0.747145
0.829583,0.630478
0.778018,0.337492
0.492376,0.395497
0.435371,0.790732
0.046358,0.693686
0.116513,0.128786
0.780307,0.017969
0.042159,0.192939
0.990258,0.520257
0.203182,0.390590
0.884540,0.088380
0.871235,0.027270
0.153992,0.455629
0.320378,0.745161
0.099946,0.175508
0.218604,0.897494
0.355795,0.817398
0.509076,0.183404
0.572042,0.485386
0.847432,0.424474
0.561371,0.902418
0.621179,0.983920
0.831392,0.290401
0.963129,0.115829
0.304006,0.554531
0.793811,0.985147
0.780243,0.342609
0.237426,0.862834
0.912724,0.736658
0.528608,0.407457
0.211961,0.645136
0.614509,0.124137
0.102475,0.370563
0.691108,0.018054
0.822257,0.507399
0.993191,0.580844
0.064840,0.289350
0.574087,0.934962
0.714653,0.453108
0.255244,0.807325
0.402855,0.597850
0.572787,0.942591
0.420738,0.624484
0.808070,0.869580
0.656771,0.830282
0.641749,0.759495
0.746019,0.675909
0.761084,0.854202
0.089655,0.522212
0.145181,0.783531
0.579280,0.636777
0.568761,0.146932
0.565340,0.294408
0.772300,0.887338
0.569482,0.792299
0.856835,0.953288
0.890540,0.108355
0.839186,0.807077
0.223028,0.780528
0.776269,0.429875
0.563915,0.960628
0.054773,0.622218
0.022961,0.557909
0.155001,0.640239
0.457181,0.417704
0.891607,0.641936
0.173915,0.215907
0.561660,0.994692
0.228110,0.606731
0.325778,0.662543
0.907860,0.650190
0.898522,0.520209
0.657259,0.561153
0.017499,0.818773
0.284701,0.003072
0.344683,0.407472
0.663583,0.981598
0.902249,0.566268
0.434148,0.029940
0.804585,0.784076
0.406231,0.763105
0.544500,0.146612
0.660919,0.093497
0.550614,0.572913
0.344717,0.630353
0.923461,0.216632
0.561794,0.808742
0.098253,0.830614
0.882287,0.766491
0.807232,0.313695
0.336852,0.923826
0.120186,0.843308
0.777219,0.398670
0.148952,0.587611
0.773145,0.849764
0.271901,0.898994
0.854637,0.832530
0.164245,0.752333
0.000978,0.667716
0.513899,0.600392
0.907339,0.389286
0.998443,0.116784
0.979651,0.387187
0.202059,0.081214
0.193333,0.611890
0.823561,0.823325
0.025485,0.945344
0.375191,0.055986
0.648285,0.080104
0.629862,0.073163
0.737730,0.054324
0.407791,0.177189
0.629537,0.195900
0.582462,0.443314
0.411135,0.143648
0.729976,0.220511
0.279800,0.016818
0.495269,0.442695
0.281501,0.162312
0.714315,0.449025
0.139731,0.403219
0.863016,0.671393
0.596312,0.344550
0.555464,0.092070
0.872448,0.724988
0.826006,0.922829
0.923090,0.981982
0.565421,0.932485
0.066794,0.777740
0.022735,0.936574
0.674632,0.262799
0.970297,0.198439
0.453866,0.089187
0.132666,0.931387
0.357879,0.930611
0.202619,0.915819
0.401312,0.467193
0.927167,0.464255
0.204917,0.996111
0.907638,0.678033
0.078595,0.163383
0.379830,0.218871
0.421900,0.825167
0.979544,0.317756
0.467728,0.546113
0.976433,0.375981
0.190387,0.447489
0.891401,0.545189
0.307098,0.592555
0.725987,0.168694
0.578807,0.047786
0.864123,0.294017
0.043001,0.817461
0.431160,0.284761
0.052900,0.451739
0.682049,0.832000
0.398360,0.534182
0.927684,0.905043
0.740916,0.499658
0.513391,0.915171
0.075179,0.833958
0.639062,0.878181
0.894266,0.588993
0.827323,0.102338
0.193385,0.519424
0.973678,0.171620
0.546125,0.734548
0.491306,0.731229
0.606494,0.233865
0.426021,0.826334
0.874733,0.539360
0.876643,0.848076
0.177217,0.681532
0.318442,0.029157
0.228908,0.750271
0.959767,0.022919
0.785608,0.588612
0.719183,0.428689
0.680745,0.994468
0.453574,0.700112
0.402659,0.938194
0.235950,0.405085
0.779886,0.146544
0.792404,0.365086
0.002251,0.540621
0.084353,0.840681
0.180449,0.629175
0.327891,0.159217
0.992151,0.678747
0.659555,0.014832
0.335051,0.988873
0.937059,0.686747
0.404935,0.150341
0.072862,0.651302
0.937067,0.072753
0.570618,0.327393
0.397930,0.456726
0.594171,0.039435
0.590633,0.772571
0.268517,0.429961
0.608961,0.288804
0.546726,0.016166
0.158337,0.892177
0.037788,0.330882
0.033911,0.605167
0.729637,0.662314
0.542282,0.975009
0.598223,0.691406
0.507361,0.291868
0.129988,0.882491
0.337721,0.735425
0.512206,0.629516
0.647271,0.283566
0.451864,0.545692
0.457885,0.810259
0.912919,0.695280
0.441406,0.356938
0.179042,0.895196
0.401653,0.390496
0.195989,0.769107
0.656727,0.026218
0.615583,0.274900
0.780248,0.963524
0.063481,0.627819
0.973357,0.494898
0.532197,0.384474
0.149917,0.623641
0.915318,0.505805
0.718540,0.153915
0.834088,0.320116
0.576804,0.493907
0.749764,0.790528
0.532141,0.681563
0.000655,0.643549
0.682339,0.792405
0.368681,0.695502
0.883020,0.663570
0.867788,0.755567
0.390154,0.727689
0.331877,0.456635
0.038316,0.673011
0.167920,0.899767
0.175907,0.746473
0.852482,0.268322
0.182556,0.523585
0.460686,0.394067
0.140354,0.826468
0.611387,0.185689
0.246625,0.951640
0.683526,0.739361
0.846743,0.789535
0.830308,0.222197
0.940605,0.546182
0.901518,0.572594
0.103103,0.404901
0.260728,0.684469
0.915997,0.186602
0.761498,0.722421
0.932161,0.177899
0.945024,0.389077
0.968628,0.171857
0.946065,0.221652
0.694598,0.343325
0.607938,0.686437
0.102221,0.860450
0.939579,0.106211
0.710615,0.369231
0.025659,0.645821
0.518935,0.956259
0.949577,0.558685
0.015632,0.320441
0.487768,0.680103
0.824862,0.224207
0.194160,0.628128
0.119978,0.675427
0.512310,0.576965
0.926319,0.113197
0.481217,0.484249
0.046890,0.521543
0.704686,0.581977
0.269134,0.037691
0.838563,0.210186
0.307580,0.325246
0.453677,0.326768
0.327766,0.107222
0.728932,0.366110
0.886099,0.817539
0.475856,0.845875
0.524525,0.238149
0.426250,0.851559
0.045792,0.959800
0.265754,0.846605
0.697126,0.643312
0.109105,0.950387
0.792454,0.035192
0.353860,0.456633
0.615719,0.947975
0.122014,0.591735
0.472888,0.060142
0.732502,0.131634
0.478014,0.271682
0.129776,0.844702
0.526783,0.856453
0.348316,0.162790
0.136850,0.330893
0.809098,0.809392
0.428152,0.058369
0.324455,0.772926
0.506439,0.792296
0.449780,0.442201
0.298650,0.167590
0.492712,0.337891
0.337285,0.740802
0.669315,0.541349
0.339536,0.588321
0.964535,0.796602
0.317327,0.712676
0.613648,0.177775
0.128897,0.958005
0.910487,0.967634
0.812418,0.428107
0.332295,0.136125
0.851013,0.882490
0.042875,0.801621
0.372504,0.229573
0.647340,0.232090
0.958461,0.131128
0.877372,0.883084
0.827076,0.799312
0.868485,0.069243
0.005570,0.339930
0.033789,0.204091
0.633005,0.555546
0.182149,0.100369
0.303262,0.851122
0.524792,0.383068
0.586434,0.995100
0.490629,0.499584
0.850342,0.990463
0.222086,0.449004
0.637322,0.441064
0.949458,0.643146
0.149705,0.006365
0.366294,0.515314
0.738748,0.167709
0.368834,0.209151
0.958692,0.525828
0.805385,0.172874
0.543365,0.816356
0.737046,0.190424
0.062916,0.200181
0.143213,0.841167
0.007084,0.304869
0.092604,0.377156
0.008115,0.089851
0.244748,0.262390
0.160151,0.717545
0.463186,0.024225
0.165059,0.471661
0.518681,0.087092
0.456027,0.786923
0.899852,0.480080
0.320849,0.746827
0.363187,0.627735
0.483833,0.378910
0.862738,0.942138
0.325434,0.618612
0.510928,0.775518
0.669784,0.453573
0.899651,0.553800
0.729556,0.392496
0.549374,0.181653
0.439537,0.120930
0.468772,0.063322
0.687483,0.198321
0.787212,0.728303
0.925795,0.655396
0.966620,0.956691
0.926087,0.325823
0.172544,0.576648
0.566875,0.614809
0.740995,0.881559
0.955342,0.732805
0.799403,0.657247
0.585177,0.640358
0.236272,0.550659
0.236455,0.166564
0.653320,0.702470
0.244521,0.577605
0.894522,0.203187
0.555944,0.308061
0.417875,0.489103
0.644606,0.737115
0.882506,0.218866
0.808242,0.289843
0.941898,0.571044
0.261038,0.253896
0.810763,0.774931
0.611213,0.725030
0.180460,0.446827
0.824869,0.860614
0.438796,0.186795
0.174331,0.069882
0.055438,0.246489
0.901073,0.468511
0.527000,0.497701
0.112513,0.490327
0.895383,0.326877
0.579579,0.558312
0.914981,0.243027
0.149240,0.812321
0.752749,0.098556
0.793234,0.397132
0.790586,0.862978
0.547979,0.173266
0.883371,0.265312
0.554210,0.606580
0.939727,0.884825
0.518624,0.505915
0.568921,0.349313
0.210586,0.739981
0.704953,0.372193
0.514335,0.184656
0.637427,0.394346
0.060881,0.837854
0.750607,0.997546
0.768569,0.201995
0.278130,0.302104
0.922545,0.645407
0.814673,0.855186
0.573852,0.109481
0.066408,0.835184
0.163005,0.210051
0.727958,0.898540
0.867592,0.022841
0.149215,0.577188
0.779221,0.729767
0.586880,0.348248
0.024030,0.302791
0.477969,0.653755
0.734922,0.192851
0.612080,0.196333
0.004912,0.415584
0.470097,0.210417
0.593485,0.092929
0.967415,0.145184
0.048416,0.150932
0.151787,0.207246
0.118079,0.686786
0.700402,0.460345
0.466553,0.660183
0.053503,0.605837
0.746021,0.089237
0.112710,0.402696
0.129502,0.180707
0.120957,0.721671
0.446491,0.722999
0.661718,0.925531
0.759952,0.932402
0.197951,0.622974
0.729681,0.037023
0.571884,0.431449
0.337313,0.536148
0.660337,0.455343
0.876873,0.811259
0.776649,0.103630
0.764360,0.282045
0.100459,0.284450
0.789837,0.683042
0.625348,0.140611
0.337156,0.008742
0.664923,0.981984
0.150128,0.286713
0.128807,0.839991
0.591401,0.700626
0.366727,0.967676
0.721574,0.839646
0.066018,0.742112
0.655156,0.805362
0.214618,0.666951
0.596203,0.128203
0.694561,0.496558
0.017089,0.097168
0.968886,0.118650
0.275462,0.423862
0.359016,0.326639
0.366691,0.306945
0.924020,0.212013
0.027042,0.941513
0.888102,0.778521
0.025646,0.990100
0.930185,0.422460
0.361823,0.161954
0.230807,0.494857
0.060309,0.599067
0.061519,0.718841
0.963994,0.431222
0.861964,0.022380
0.228201,0.126483
0.281399,0.650094
0.901120,0.342390
0.261062,0.864055
0.827768,0.684449
0.642041,0.221837
0.710332,0.285456
0.249697,0.124695
0.616137,0.907981
0.405540,0.496387
0.914207,0.639839
0.368566,0.893043
0.308259,0.064882
0.442812,0.677068
0.998040,0.371970
0.425170,0.172483
0.246098,0.479571
0.106425,0.836770
0.251100,0.434185
0.110560,0.554941
0.769157,0.797259
0.514183,0.038730
0.026645,0.911468
0.792530,0.553843
0.100377,0.398638
0.763444,0.089981
0.161874,0.516280
0.544373,0.516852
0.812336,0.670194
0.447761,0.148132
0.030482,0.719793
0.974201,0.704304
0.463455,0.195486
0.042451,0.452963
0.246503,0.461946
0.229189,0.079708
0.047798,0.870229
0.361121,0.530694
0.275548,0.300237
0.801027,0.174981
0.704065,0.024790
0.565131,0.181726
0.531692,0.528122
0.355334,0.425908
0.429485,0.253761
0.029684,0.120496
0.005467,0.198965
0.671051,0.872168
0.200366,0.402580
0.822585,0.919456
0.439476,0.254221
0.437475,0.393624
0.823193,0.078933
0.585147,0.524616
0.830693,0.699477
0.475003,0.032085
0.979823,0.402984
0.425564,0.310601
0.330332,0.589314
0.755096,0.795103
0.050578,0.588514
0.666537,0.124323
0.252317,0.019648
0.655103,0.585565
0.543878,0.941477
0.067945,0.714903
0.757287,0.857920
0.631075,0.269556
0.003027,0.249291
0.997485,0.065779
0.784458,0.042297
0.610558,0.501836
0.807832,0.297629
0.830131,0.821712
0.929261,0.395000
0.606109,0.989698
0.638882,0.648027
0.198664,0.590317
0.685156,0.813665
0.382221,0.556542
0.292616,0.410887
0.382004,0.099577
0.216284,0.286655
0.049104,0.479892
0.266174,0.233299
0.174195,0.322320
0.183015,0.736968
0.967041,0.669732
0.595121,0.582864
0.911970,0.995671
0.446068,0.014660
0.711487,0.911071
0.165143,0.430787
0.988045,0.660322
0.026307,0.467268
0.515571,0.819814
0.540550,0.171528
0.089023,0.054922
0.158358,0.665358
0.027429,0.803250
0.627770,0.095078
0.930889,0.936513
0.943714,0.799186
0.235211,0.684346
0.750926,0.571562
0.595474,0.884951
0.780039,0.448580
0.146606,0.111957
0.976011,0.962519
0.730957,0.537502
0.625961,0.964582
0.927803,0.508217
0.815319,0.851401
0.970508,0.928076
0.894164,0.304114
0.138241,0.757833
0.451291,0.880177
0.356051,0.513145
0.927102,0.571088
0.440354,0.506848
0.437668,0.011534
0.172575,0.811870
0.259501,0.046822
0.474308,0.473275
0.093697,0.842593
0.842119,0.380250
0.085128,0.595680
0.091504,0.647952
0.084033,0.157831
0.890990,0.674340
0.590430,0.791463
0.599902,0.423475
0.903812,0.150437
0.726205,0.392105
0.943270,0.670276
0.847932,0.664583
0.050025,0.043135
0.354641,0.713382
0.258651,0.790471
0.790117,0.423523
0.354610,0.044021
0.899587,0.642327
0.177029,0.284117
0.893763,0.690930
0.558188,0.333307
0.377387,0.107009
0.931010,0.581034
0.858993,0.658631
0.641177,0.181725
0.639999,0.884767
0.926227,0.702011
0.283040,0.609825
0.383731,0.248655
0.264831,0.611804
0.025621,0.453060
0.312394,0.064760
0.011615,0.560833
0.102210,0.142340
0.981226,0.355571
0.760049,0.825520
0.406631,0.542620
0.125058,0.502533
0.573870,0.789344
0.222003,0.534622
0.532703,0.501809
0.614080,0.880334
0.137459,0.258532
0.479524,0.990595
0.752895,0.445174
0.575750,0.424914
0.623239,0.063410
0.299900,0.214452
0.829696,0.586498
0.756689,0.724771
0.357747,0.755491
0.599690,0.814863
0.998579,0.873133
0.714735,0.107960
0.213344,0.719714
0.894442,0.341729
0.981013,0.043791
0.254513,0.556294
0.094396,0.332451
0.830059,0.021931
0.165573,0.906429
0.278417,0.302088
0.144645,0.124569
0.097361,0.317884
0.031566,0.193249
0.289152,0.028255
0.567219,0.402065
0.063180,0.755606
0.484240,0.911554
0.747522,0.772400
0.126777,0.258692
0.538240,0.753008
0.630487,0.546704
0.956426,0.729486
0.866299,0.461725
0.551153,0.096898
0.079619,0.270870
0.516972,0.995276
0.787277,0.839735
0.622548,0.919117
0.626590,0.947185
0.545915,0.616468
0.538404,0.804766
0.248976,0.975256
0.395828,0.618545
0.440347,0.930310
0.381162,0.312350
0.892523,0.090296
0.340285,0.261219
0.313556,0.659907
0.110646,0.613697
0.722382,0.679523
0.058588,0.687453
0.477757,0.361316
0.696991,0.381490
0.694767,0.351261
0.070384,0.078606
0.682766,0.061867
0.832524,0.537817
0.771292,0.807504
0.207142,0.314388
0.410790,0.709357
0.125763,0.514668
0.259905,0.372388
0.055811,0.485508
0.049152,0.594117
0.651327,0.301133
0.135887,0.530353
0.580364,0.178928
0.293317,0.376336
0.375045,0.865184
0.785517,0.740560
0.556752,0.434908
0.497503,0.050002
0.789178,0.262131
0.014355,0.790503
0.310742,0.423591
0.364188,0.756266
0.339917,0.892464
0.571210,0.782517
0.308521,0.318932
0.220733,0.781259
0.805265,0.028891
0.130856,0.857037
0.369530,0.798930
0.875886,0.783279
0.854288,0.184325
0.418734,0.700598
0.054192,0.396490
0.334002,0.608240
0.228902,0.053699
0.694793,0.675268
0.160264,0.186738
0.174908,0.294112
0.963279,0.798192
0.428182,0.881354
0.693950,0.473948
0.401236,0.763809
0.613273,0.390144
0.103656,0.176878
0.709141,0.099915
0.372509,0.972412
0.503360,0.956545
0.533409,0.517070
0.388245,0.059969
0.760493,0.979429
0.015014,0.474585
0.516270,0.396081
0.710967,0.991637
0.127852,0.874619
0.172889,0.595524
0.941769,0.444088
0.785593,0.013620
0.801914,0.446115
0.994216,0.408549
0.263122,0.164110
0.811989,0.076140
0.730447,0.919522
0.053471,0.528762
0.228808,0.759722
0.478722,0.227976
0.345719,0.588742
0.385869,0.752559
0.048094,0.554108
0.973703,0.635558
0.368496,0.264727
0.514056,0.309763
0.123406,0.557492
0.751179,0.503463
0.878650,0.362029
0.752421,0.950024
0.047149,0.675821
0.429237,0.305503
0.367427,0.652207
0.338539,0.145642
0.196809,0.880054
0.111404,0.944464
0.154164,0.712925
0.447449,0.769751
0.614777,0.736479
0.977151,0.682172
0.620790,0.815599
0.084867,0.438388
0.773554,0.764157
0.242896,0.293470
0.641516,0.742261
0.489285,0.030705
0.867610,0.555089
0.379507,0.169716
0.072776,0.474733
0.714217,0.655055
0.060778,0.846795
0.606741,0.387025
0.246938,0.041703
0.328951,0.635342
0.033200,0.608881
0.792826,0.229544
0.719187,0.503041
0.144826,0.624129
0.229437,0.847770
0.881097,0.011815
0.857838,0.863223
0.787839,0.740306
0.514702,0.715155
0.396339,0.474171
0.286606,0.905003
0.842560,0.345340
0.172250,0.254103
0.916790,0.955512
0.261653,0.427497
0.825852,0.210266
0.535080,0.361632
0.065957,0.602767
0.217443,0.704577
0.552471,0.015570
0.686240,0.755652
0.800453,0.669518
0.240924,0.595756
0.147084,0.456493
0.502339,0.661070
0.874133,0.735341
0.803905,0.567899
0.425585,0.586326
0.514492,0.155004
0.886725,0.690600
0.060921,0.993208
0.314502,0.578775
0.132845,0.479341
0.274241,0.449414
0.137530,0.376842
0.036429,0.089542
0.728899,0.598217
0.747699,0.381339
0.252633,0.267800
0.904559,0.831642
0.648697,0.592393
0.162734,0.235466
0.568013,0.103203
0.975786,0.985331
0.659531,0.499969
0.391897,0.816911
0.943701,0.566581
0.983405,0.517081
0.514684,0.049376
0.578074,0.924123
0.167783,0.121127
0.816214,0.014903
0.230019,0.888964
0.016277,0.691665
0.385940,0.433971
0.114614,0.910041
0.507923,0.631379
0.671473,0.558108
0.802038,0.480846
0.386234,0.011204
0.083611,0.295472
0.372671,0.796860
0.288764,0.917269
0.235232,0.553033
0.928556,0.649876
0.641153,0.085052
0.510335,0.047365
0.482588,0.421140
0.751075,0.856215
0.641515,0.194987
0.309330,0.866355
0.588702,0.832058
0.790105,0.034869
0.198556,0.773095
0.016902,0.835301
0.404278,0.182379
0.370058,0.815580
0.943458,0.952497
0.588326,0.437535
0.074533,0.019545
0.689032,0.435912
0.972444,0.668442
0.422082,0.092028
0.013042,0.647305
0.916140,0.299091
0.086542,0.090296
0.840723,0.993118
0.224795,0.282193
0.807763,0.541654
0.100572,0.614119
0.922395,0.591481
0.772426,0.469434
0.522793,0.015044
0.773006,0.760209
0.429897,0.548235
0.294201,0.140827
0.534296,0.567468
0.621830,0.159306
0.606933,0.784912
0.527954,0.539936
0.558030,0.520039
0.635279,0.118313
0.529139,0.682128
0.640839,0.781589
0.072648,0.030635
0.802851,0.428754
0.363021,0.843893
0.569350,0.896792
0.023374,0.594702
0.126504,0.943268
0.132701,0.881180
0.764001,0.358507
0.849270,0.631060
0.577312,0.831037
0.186772,0.014693
0.977778,0.553296
0.005844,0.943608
0.897322,0.368544
0.139200,0.072840
0.460986,0.335614
0.314355,0.957337
0.460571,0.456918
0.706066,0.670964
0.137970,0.296798
0.602123,0.784058
0.096572,0.672974
0.834786,0.551426
0.280331,0.608552
0.592221,0.939965
0.435742,0.177026
0.140913,0.943025
0.334267,0.587635
0.449279,0.811163
0.881641,0.913413
0.264334,0.731411
0.266401,0.131890
0.823307,0.346611
0.293648,0.486107
0.835008,0.318960
0.779502,0.126419
0.844922,0.141536
0.844564,0.367169
0.830505,0.710307
0.018062,0.734317
0.063369,0.399298
0.925341,0.898476
0.410009,0.950639
0.459358,0.211272
0.136012,0.847618
0.470003,0.177625
0.162955,0.559990
0.328098,0.721119
0.787547,0.005057
0.088959,0.520171
0.945320,0.816827
0.182768,0.688847
0.717077,0.240370
0.136250,0.419685
0.389486,0.933960
0.924196,0.794841
0.373142,0.481470
0.058917,0.351432
0.562458,0.698015
0.948791,0.091467
0.574361,0.974725
0.610418,0.843841
0.885909,0.109207
0.816282,0.086174
0.185930,0.080871
0.880112,0.743868
0.227413,0.816940
0.793945,0.053240
0.569512,0.199610
0.032828,0.070880
0.430188,0.313910
0.014706,0.956981
0.256426,0.700661
0.987974,0.086624
0.504180,0.785208
0.561774,0.327229
0.293036,0.810728
0.140849,0.567487
0.468325,0.593098
0.573084,0.865205
0.412125,0.131505
0.257091,0.956550
0.765991,0.413420
0.732702,0.959336
0.793032,0.514670
0.141251,0.474135
0.804773,0.810937
0.082642,0.901697
0.725353,0.070723
0.257817,0.045404
0.351795,0.561480
0.610774,0.221779
0.183176,0.468272
0.296770,0.970820
0.783672,0.728372
0.437850,0.524018
0.881309,0.241957
0.871357,0.151384
0.529940,0.405632
0.273008,0.545670
0.038918,0.429267
0.193756,0.547954
0.989726,0.996456
0.890996,0.930949
0.503380,0.547162
0.967673,0.317919
0.227852,0.921137
0.797794,0.630622
0.849810,0.405892
0.137900,0.047433
0.333992,0.445516
0.444334,0.276700
0.050121,0.360106
0.619875,0.352439
0.364222,0.397066
0.205990,0.182772
0.824652,0.594067
0.540842,0.333306
0.765660,0.107140
0.493385,0.699837
0.730620,0.666082
0.600088,0.889483
0.099730,0.083335
0.100117,0.778909
0.941404,0.094755
0.986280,0.019097
0.328534,0.294932
0.942429,0.681977
0.053983,0.702697
0.168190,0.023793
0.717087,0.370949
0.233808,0.817573
0.932168,0.698633
0.083158,0.177126
0.000650,0.082693
0.135233,0.437737
0.313747,0.793886
0.565890,0.871923
0.059521,0.157909
0.417681,0.812456
0.918973,0.078940
0.110994,0.214599
0.719474,0.183093
0.878508,0.966612
0.654676,0.686394
0.259630,0.633717
0.617635,0.031991
0.282520,0.955862
0.492313,0.764985
0.704184,0.844525
0.463696,0.550745
0.930750,0.708297
0.589887,0.366157
0.028050,0.230600
0.750996,0.065763
0.009723,0.392670
0.957393,0.622041
0.969835,0.772861
0.012205,0.690029
0.578978,0.003004
0.348210,0.937688
0.878287,0.428408
0.506482,0.698730
0.760317,0.064409
0.542761,0.626861
0.909857,0.955412
0.990486,0.336811
0.615374,0.891907
0.959844,0.359174
0.759965,0.243631
0.373800,0.567082
0.146508,0.361346
0.070662,0.059325
0.963754,0.569394
0.577609,0.644125
0.397783,0.428473
0.914007,0.824248
0.058790,0.546735
0.717129,0.477501
0.044089,0.695452
0.241636,0.478982
0.267056,0.680218
0.716656,0.956417
0.662212,0.570276
0.288976,0.581053
0.963180,0.374969
0.225028,0.002779
0.490777,0.376977
0.848066,0.157176
0.328092,0.217966
0.632883,0.828442
0.072879,0.212517
0.379483,0.255104
0.898844,0.183645
0.105768,0.537239
0.183770,0.061148
0.186770,0.947025
0.702456,0.149452
0.789277,0.307715
0.856011,0.069744
0.737229,0.031948
0.039834,0.895030
0.421755,0.676767
0.356169,0.005619
0.764305,0.541014
0.913524,0.510437
0.242976,0.151467
0.902853,0.088386
0.392582,0.219944
0.136081,0.927518
0.281590,0.678338
0.957688,0.923530
0.456539,0.754237
0.996022,0.556484
0.982022,0.451148
0.857210,0.860704
0.087727,0.593419
0.593597,0.423498
0.167487,0.046426
0.953251,0.240269
0.671036,0.882305
0.797340,0.884744
0.141465,0.370044
0.520661,0.077738
0.461944,0.463367
0.024664,0.595838
0.001097,0.444918
0.090834,0.344252
0.162103,0.713694
0.550731,0.180933
0.431449,0.957435
0.098975,0.795262
0.725557,0.170917
0.352572,0.910386
0.785676,0.522254
0.909861,0.722789
0.686395,0.565543
0.433735,0.772803
0.503133,0.211436
0.371428,0.550238
0.081553,0.588541
0.312947,0.749625
0.690267,0.470445
0.703978,0.094196
0.556013,0.044457
0.050344,0.992415
0.339669,0.236333
0.534978,0.808296
0.603874,0.215947
0.547489,0.375438
0.942605,0.508520
0.581884,0.899215
0.803706,0.276111
0.961445,0.310992
0.053420,0.095974
0.513914,0.168121
0.753993,0.162514
0.053974,0.551200
0.615042,0.536655
0.625272,0.838683
0.228638,0.662485
0.155487,0.251962
0.277424,0.487275
0.278761,0.211423
0.131679,0.749306
0.524901,0.109706
0.421460,0.953486
0.359902,0.602443
0.196283,0.010208
0.126533,0.627303
0.013046,0.036116
0.207858,0.050708
0.937105,0.695879
0.219018,0.131201
0.716940,0.498027
0.850486,0.127192
0.875811,0.243699
0.717852,0.041429
0.776846,0.130643
0.093537,0.335465
0.047035,0.253466
0.197041,0.682182
0.824878,0.344434
0.793047,0.230809
0.828177,0.456918
0.355859,0.903093
0.095954,0.537269
0.132019,0.071038
0.022918,0.161899
0.598215,0.415711
0.883460,0.685788
0.742296,0.469676
0.378120,0.608118
0.860601,0.159121
0.749074,0.530886
0.119332,0.785158
0.263671,0.842147
0.741874,0.821178
0.066881,0.387099
0.162202,0.567489
0.801458,0.203024
0.118515,0.486848
0.501087,0.366892
0.557180,0.368574
0.841239,0.841435
0.907411,0.460505
0.753143,0.890925
0.383165,0.700426
0.929862,0.084113
0.512145,0.393716
0.361671,0.303197
0.286940,0.763067
0.254736,0.656027
0.440975,0.431485
0.979697,0.684858
0.604659,0.188565
0.224720,0.416832
0.008536,0.647223
0.376929,0.453615
0.129476,0.168943
0.134690,0.882064
0.117471,0.295518
0.146858,0.216442
0.410936,0.137445
0.828749,0.343523
0.654546,0.695426
0.266555,0.151306
0.679178,0.850150
0.636232,0.954960
0.533801,0.492992
0.986329,0.950371
0.617699,0.739905
0.930305,0.147519
0.240102,0.311135
0.820661,0.084635
0.600785,0.682698
0.263670,0.201013
0.338835,0.239422
0.133978,0.965694
0.989324,0.947235
0.974108,0.186659
0.365633,0.057603
0.531629,0.224913
0.260742,0.202307
0.815237,0.808917
0.240886,0.078686
0.834454,0.848339
0.529002,0.405668
0.373862,0.718768
0.369795,0.466904
0.727764,0.916138
0.563715,0.268563
0.330825,0.453531
0.586827,0.894914
0.797488,0.268251
0.772089,0.901488
0.635728,0.946989
0.360493,0.239929
0.370719,0.472188
0.857246,0.393027
0.931193,0.594647
0.502790,0.962275
0.063582,0.208622
0.280357,0.079079
0.343258,0.369939
0.535486,0.908259
0.572687,0.925293
0.936846,0.917065
0.306349,0.087538
0.341690,0.760418
0.595945,0.323097
0.939951,0.575717
0.397075,0.844239
0.181724,0.853449
0.239529,0.453200
0.980837,0.136709
0.367943,0.717404
0.987299,0.265695
0.384806,0.933125
0.285915,0.997696
0.953657,0.650665
0.583521,0.247812
0.897261,0.940959
0.816578,0.300997
0.316735,0.308946
0.718394,0.055837
0.566571,0.220011
0.770320,0.226005
0.961051,0.680670
0.018072,0.534158
0.686258,0.121982
0.940147,0.821952
0.919753,0.142089
0.120247,0.368360
0.548983,0.092378
0.932532,0.280851
0.156418,0.362748
0.969461,0.279360
0.896261,0.432946
0.905844,0.797510
0.259762,0.844142
0.650487,0.678713
0.048609,0.497220
0.642816,0.163601
0.648105,0.815868
0.025315,0.529037
0.796633,0.875312
0.820356,0.222564
0.444710,0.452966
0.577305,0.400305
0.323914,0.188300
0.468031,0.111475
0.911027,0.645705
0.046641,0.763192
0.700266,0.815291
0.813671,0.932429
0.062882,0.927572
0.367488,0.649077
0.658285,0.045630
0.025317,0.151983
0.856335,0.178181
0.128024,0.309189
0.319789,0.662568
0.945363,0.119915
0.026470,0.301124
0.967660,0.692300
0.123418,0.918473
0.763064,0.529087
0.627547,0.086845
0.993455,0.908433
0.198459,0.198116
0.622434,0.351064
0.154175,0.775565
0.176010,0.720846
0.600933,0.186487
0.726254,0.855945
0.784093,0.343969
0.719136,0.966360
0.352249,0.893251
0.659274,0.213209
0.234631,0.168976
0.639937,0.770858
0.442694,0.699311
0.190104,0.522212
0.607924,0.001424
0.363591,0.473681
0.693493,0.894402
0.831597,0.781859
0.225502,0.226637
0.426821,0.507276
0.971993,0.469542
0.091638,0.048955
0.976123,0.045562
0.187438,0.607134
0.787912,0.120793
0.505666,0.158395
0.853540,0.381133
0.098670,0.491392
0.155971,0.099777
0.644806,0.952150
0.980484,0.222261
0.962746,0.677771
0.632120,0.182885
0.089641,0.859030
0.666221,0.841815
0.434742,0.707451
0.262138,0.859529
0.779351,0.478476
0.324312,0.753752
0.131024,0.209820
0.969865,0.216691
0.690852,0.152766
0.952284,0.919643
0.508358,0.634740
0.754381,0.292037
0.997138,0.346106
0.990390,0.858064
0.566074,0.717355
0.665004,0.685328
0.860232,0.178638
0.958354,0.405027
0.377027,0.821053
0.617932,0.993058
0.211064,0.656090
0.900218,0.242243
0.897089,0.790356
0.478788,0.798738
0.066669,0.647754
0.531573,0.271556
0.683674,0.491776
0.104541,0.236315
0.485567,0.315255
0.856772,0.949778
0.772170,0.653201
0.323959,0.013552
0.659991,0.219752
0.385367,0.401293
0.057332,0.784545
0.663970,0.229239
0.828172,0.473527
0.365375,0.063258
0.730498,0.790754
0.045033,0.318420
0.568677,0.799282
0.936783,0.659688
0.368287,0.428119
0.720380,0.072021
0.566226,0.918312
0.342221,0.428265
0.016907,0.933345
0.091324,0.720897
0.592425,0.211520
0.321041,0.547122
0.357753,0.184863
0.477160,0.000528
0.137088,0.253621
0.434597,0.158296
0.014909,0.622749
0.652029,0.096094
0.728964,0.089805
0.307481,0.940801
0.571574,0.751898
0.429996,0.946635
0.403534,0.531980
0.647266,0.405983
0.566395,0.523220
0.215619,0.164974
0.490549,0.483873
0.079903,0.601942
0.770491,0.131852
0.652034,0.674950
0.028318,0.959144
0.695453,0.963835
0.534765,0.475154
0.544697,0.352417
0.840660,0.935969
0.940705,0.684938
0.900109,0.698284
0.308767,0.115288
0.091696,0.769963
0.328816,0.188376
0.953813,0.672113
0.785638,0.636934
0.181689,0.124689
0.045681,0.121051
0.069253,0.842165
0.774596,0.486290
0.378136,0.993187
0.563040,0.456095
0.921661,0.479938
0.710966,0.001191
0.420865,0.561262
0.395643,0.309187
0.665381,0.435258
0.400914,0.572396
0.593086,0.923357
0.884814,0.089027
0.816216,0.385657
0.347559,0.690626
0.033775,0.857901
0.033026,0.406706
0.353003,0.699032
0.470260,0.037635
0.739115,0.975051
0.565046,0.616459
0.962886,0.441379
0.109910,0.634990
0.650074,0.137353
0.695945,0.222740
0.205889,0.694721
0.593564,0.719016
0.179246,0.349765
0.161512,0.161102
0.413525,0.206370
0.299710,0.987448
0.853325,0.614082
0.916165,0.620765
0.559591,0.569917
0.335399,0.393471
0.922603,0.413948
0.434625,0.298537
0.330408,0.261725
0.901127,0.923346
0.745329,0.307392
0.257398,0.072994
0.896688,0.611987
0.395522,0.928003
0.589088,0.752981
0.242458,0.705687
0.857725,0.275788
0.450890,0.226415
0.880918,0.877073
0.263794,0.525825
0.676022,0.657383
0.561357,0.146104
0.047744,0.328188
0.420128,0.605439
0.477028,0.935179
0.988327,0.669008
0.533179,0.770537
0.522385,0.858134
0.269609,0.249177
0.103611,0.007976
0.894216,0.571007
0.129089,0.691272
0.115144,0.478737
0.043352,0.326823
0.899238,0.518572
0.192716,0.630297
0.784369,0.370544
0.472618,0.585605
0.859144,0.125661
0.244434,0.042911
0.278138,0.432837
0.304387,0.928900
0.148382,0.610938
0.566574,0.822961
0.141435,0.737297
0.355771,0.136360
0.114799,0.733839
0.461471,0.858472
0.864319,0.528765
0.594906,0.190315
0.582350,0.628004
0.839583,0.963842
0.555377,0.430244
0.806164,0.922698
0.609484,0.944382
0.261091,0.360496
0.298345,0.259375
0.327256,0.387886
0.084642,0.222822
0.542040,0.370987
0.885018,0.296623
0.183567,0.828814
0.157571,0.670749
0.135732,0.857975
0.194903,0.457519
0.183112,0.406577
0.656023,0.018717
0.231991,0.450762
0.579446,0.504435
0.693146,0.800996
0.396245,0.821554
0.831195,0.032670
0.791470,0.988577
0.651125,0.710756
0.897186,0.569081
0.280580,0.753263
0.959263,0.152991
0.804718,0.089671
0.662664,0.487296
0.889269,0.064411
0.263496,0.993547
0.302098,0.841472
0.058445,0.228381
0.793939,0.834715
0.947249,0.163370
0.815067,0.609502
0.280331,0.390843
0.181174,0.751606
0.729833,0.753892
0.758776,0.198970
0.133477,0.994016
0.623608,0.233773
0.136292,0.134442
0.401273,0.991507
0.215526,0.877815
0.229722,0.219460
0.253639,0.468446
0.067721,0.692258
0.670328,0.427776
0.456294,0.932815
0.010706,0.855903
0.141994,0.478388
0.609961,0.750904
0.315189,0.898645
0.056666,0.277994
0.370195,0.056050
0.941562,0.173042
0.230830,0.581721
0.769582,0.816065
0.170627,0.029043
0.270853,0.917900
0.792404,0.046667
0.540184,0.458453
0.946548,0.799555
0.809499,0.797163
0.917271,0.016386
0.454219,0.163044
0.163407,0.797069
0.292674,0.881080
0.058490,0.814324
0.722212,0.916292
0.258944,0.883098
0.462570,0.776188
0.101590,0.917344
0.642193,0.690984
0.321115,0.260450
0.105871,0.786660
0.600720,0.862266
0.925659,0.050046
0.359761,0.541624
0.536823,0.920498
0.154086,0.677638
0.628922,0.339478
0.872210,0.064089
0.155552,0.598797
0.802664,0.584933
0.688093,0.385277
0.758249,0.281747
0.254722,0.507133
0.739498,0.947154
0.485468,0.627201
0.451370,0.769421
0.076309,0.186307
0.129991,0.085953
0.047146,0.530916
0.966010,0.041964
0.696889,0.982520
0.552799,0.807342
0.742747,0.049997
0.916331,0.975998
0.073934,0.855058
0.862954,0.484731
0.693586,0.797938
0.932532,0.598264
0.352522,0.587757
0.619426,0.251819
0.354960,0.598178
0.735219,0.897400
0.109392,0.102024
0.175503,0.905316
0.945346,0.748438
0.249773,0.557556
0.181788,0.021464
0.857155,0.149654
0.112987,0.176148
0.679127,0.685099
0.260673,0.879070
0.382500,0.958114
0.908772,0.740038
0.001508,0.539578
0.195502,0.976162
0.294428,0.442819
0.904844,0.018522
0.502203,0.518565
0.508575,0.580111
0.330594,0.270962
0.020810,0.166210
0.860181,0.613850
0.377523,0.507487
0.349361,0.612077
0.874956,0.189466
0.681871,0.496835
0.623914,0.903774
0.397261,0.634661
0.209203,0.947629
0.597733,0.316532
0.233171,0.184987
0.921282,0.474165
0.794790,0.160018
0.358693,0.153611
0.418361,0.885822
0.349290,0.083715
0.809521,0.133821
0.654120,0.572705
0.927446,0.150909
0.285838,0.071336
0.924061,0.955050
0.768605,0.218366
0.151635,0.317746
0.757451,0.701131
0.402223,0.435892
0.463272,0.720202
0.154169,0.408606
0.826668,0.722720
0.664080,0.953955
0.042745,0.376983
0.335224,0.259209
0.514372,0.646307
0.551225,0.097096
0.204763,0.106969
0.654701,0.760283
0.040447,0.272611
0.534433,0.850991
0.704372,0.157034
0.818922,0.083708
0.850504,0.094361
0.828836,0.782111
0.372113,0.296073
0.662746,0.883436
0.711229,0.538326
0.869730,0.543440
0.535785,0.991434
0.297954,0.008436
0.763576,0.109735
0.326717,0.556272
0.058488,0.309304
0.305595,0.133565
0.836820,0.000960
0.794612,0.177661
0.928069,0.915566
0.497828,0.638281
0.480442,0.831908
0.520781,0.775938
0.959763,0.637806
0.281769,0.870216
0.748934,0.775071
0.118752,0.435344
0.129301,0.296194
0.180293,0.610515
0.714859,0.436119
0.144831,0.075104
0.183022,0.305638
0.063964,0.284322
0.611734,0.531898
0.795838,0.112768
0.732739,0.937661
0.917037,0.568352
0.861872,0.865841
0.090048,0.862701
0.446514,0.825382
0.406251,0.609410
0.976764,0.277685
0.690655,0.096535
0.160884,0.698309
0.110894,0.549553
0.057013,0.875183
0.422248,0.020937
0.688189,0.168092
0.002131,0.005383
0.936246,0.747996
0.539241,0.193392
0.396030,0.872968
0.003849,0.631808
0.326637,0.179460
0.244272,0.529460
0.234943,0.709784
0.935318,0.553151
0.161839,0.417930
0.810317,0.170916
0.778353,0.767306
0.062448,0.451102
0.533982,0.432196
0.822635,0.756287
0.933562,0.857795
0.177310,0.555810
0.889535,0.882014
0.501602,0.892957
0.673175,0.882764
0.203847,0.814557
0.407509,0.746984
0.505658,0.635000
0.883273,0.963475
0.913051,0.750043
0.767964,0.177033
0.454876,0.247832
0.552150,0.965132
0.108660,0.973147
0.189872,0.663824
0.791102,0.201125
0.225609,0.608774
0.099149,0.540564
0.508102,0.970816
0.349328,0.186835
0.737173,0.728323
0.063301,0.476871
0.708247,0.764254
0.940975,0.019785
0.952668,0.482278
0.385643,0.650643
0.422492,0.629150
0.370234,0.582001
0.006274,0.898854
0.538226,0.100451
0.654189,0.266401
0.770325,0.621170
0.467089,0.444595
0.409752,0.460644
0.503168,0.110669
0.969937,0.418999
0.853229,0.643252
0.541018,0.298909
0.660741,0.178195
0.675557,0.990676
0.821909,0.150675
0.390789,0.368639
0.953341,0.399254
0.384472,0.170815
0.869878,0.574746
0.094201,0.323673
0.204140,0.616743
0.593177,0.891109
0.162508,0.326150
0.602344,0.671162
0.628275,0.009032
0.444338,0.297862
0.136504,0.861653
0.022475,0.268117
0.475180,0.764832
0.412006,0.590266
0.997016,0.062929
0.437873,0.618736
0.484431,0.562436
0.553246,0.595289
0.306994,0.679716
0.254910,0.351943
0.617807,0.570979
0.405628,0.075268
0.509059,0.802728
0.801983,0.846980
0.112545,0.462043
0.288975,0.458336
0.943724,0.343363
0.398668,0.581525
0.808427,0.106818
0.380821,0.776406
0.533704,0.265221
0.316037,0.792335
0.166665,0.640010
0.806204,0.875838
0.326667,0.170901
0.835694,0.986585
0.164026,0.139541
0.458681,0.396708
0.289878,0.601829
0.061207,0.839867
0.179141,0.534641
0.252663,0.520083
0.770172,0.000545
0.877260,0.573134
0.189954,0.665725
0.041149,0.482468
0.666757,0.540857
0.236961,0.595004
0.473727,0.833408
0.743513,0.105986
0.347633,0.984248
0.236562,0.149377
0.960131,0.788303
0.915199,0.047243
0.212854,0.679657
0.720204,0.759772
0.403297,0.592174
0.869439,0.596440
0.645049,0.017287
0.968241,0.357436
0.292784,0.557958
0.767254,0.191582
0.438275,0.541362
0.844671,0.990527
0.431993,0.569482
0.502654,0.479852
0.721013,0.019506
0.118315,0.472104
0.414445,0.642739
0.034919,0.112999
0.750120,0.427727
0.888556,0.122875
0.230926,0.918934
0.303016,0.968929
0.131527,0.595306
0.043266,0.483948
0.665265,0.954692
0.558626,0.929126
0.818500,0.374225
0.300883,0.038619
0.141763,0.778119
0.116829,0.910161
0.611282,0.436188
0.477687,0.315426
0.425470,0.178260
0.938941,0.180800
0.608988,0.331785
0.215455,0.635202
0.659907,0.439577
0.029400,0.498904
0.480400,0.388798
0.541184,0.684734
0.325680,0.597288
0.600782,0.326258
0.096389,0.824089
0.231760,0.225224
0.006107,0.830437
0.969449,0.287470
0.728654,0.218161
0.166224,0.828899
0.899471,0.056357
0.741022,0.394386
0.658412,0.946505
0.930518,0.067989
0.717131,0.472301
0.923136,0.640093
0.633307,0.463314
0.157053,0.772401
0.536072,0.545578
0.246381,0.346505
0.320985,0.675107
0.554144,0.170969
0.584456,0.305274
0.681268,0.346275
0.712803,0.312628
0.406080,0.977498
0.327692,0.368243
0.084033,0.066560
0.335988,0.052225
0.851679,0.047164
0.308514,0.092746
0.448237,0.307256
0.471616,0.764686
0.638629,0.356622
0.141146,0.438360
0.528924,0.743350
0.732249,0.112135
0.789471,0.461244
0.356407,0.300280
0.805778,0.571076
0.199439,0.289385
0.901302,0.203175
0.333370,0.488330
0.534316,0.222246
0.124812,0.217773
0.083146,0.787515
0.688381,0.239646
0.644310,0.918444
0.980403,0.427124
0.037435,0.474434
0.534948,0.175083
0.913609,0.068317
0.794404,0.479919
0.475218,0.009643
0.827210,0.434795
0.315970,0.062595
0.181539,0.445170
0.305730,0.326715
0.660894,0.926582
0.728939,0.482631
0.805777,0.511858
0.101527,0.564525
0.107380,0.424856
0.478366,0.292537
0.869357,0.496564
0.735221,0.442693
0.378900,0.162585
0.809072,0.588850
0.065304,0.310392
0.209900,0.396054
0.587661,0.575592
0.888659,0.629105
0.430012,0.971669
0.341455,0.609591
0.575116,0.790297
0.689494,0.112166
0.532266,0.554104
0.479691,0.577439
0.531292,0.233953
0.931124,0.708870
0.163726,0.704272
0.540303,0.409599
0.522067,0.904602
0.170201,0.294809
0.276935,0.937883
0.776479,0.297541
0.751083,0.900944
0.669992,0.724197
0.582839,0.438040
0.561040,0.876842
0.823885,0.889833
0.328593,0.709979
0.348529,0.519899
0.945448,0.741897
0.842587,0.051342
0.143459,0.441107
0.583807,0.731128
0.609203,0.897194
0.845728,0.838592
0.820002,0.299240
0.540448,0.639298
0.907304,0.451853
0.081949,0.014389
0.328166,0.580599
0.299249,0.965486
0.925441,0.810885
0.789908,0.794805
0.206111,0.496340
0.873849,0.523072
0.391219,0.523370
0.083000,0.726119
0.638195,0.209920
0.502777,0.751986
0.848921,0.114077
0.081916,0.245762
0.986071,0.491684
0.538771,0.275102
0.916436,0.576438
0.887508,0.022664
0.794927,0.656691
0.866466,0.843710
0.572859,0.845923
0.833395,0.445295
0.577092,0.370407
0.147807,0.861443
0.924612,0.585201
0.221011,0.789319
0.089430,0.829059
0.313081,0.504593
0.750858,0.754544
0.464679,0.749002
0.768802,0.668936
0.195159,0.673335
0.019975,0.744413
0.121861,0.241131
0.584493,0.010435
0.958526,0.532638
0.852831,0.984759
0.307374,0.646318
0.315149,0.121263
0.723507,0.042263
0.059071,0.531119
0.826352,0.797601
0.855585,0.717179
0.042716,0.327740
0.879320,0.299337
0.714634,0.206584
0.069679,0.343251
0.697160,0.787018
0.496189,0.379115
0.402057,0.915013
0.078866,0.690207
0.509657,0.599584
0.568350,0.208986
0.241994,0.618682
0.704315,0.626631
0.544553,0.975428
0.976572,0.841554
0.430202,0.366718
0.955626,0.450363
0.246310,0.650662
0.860774,0.820411
0.239409,0.487343
0.185937,0.346717
0.877221,0.101262
0.290177,0.392887
0.678843,0.042587
0.134024,0.508058
0.239984,0.486159
0.456936,0.855260
0.544702,0.421824
0.765709,0.378210
0.004686,0.914113
0.294985,0.521240
0.377711,0.254887
0.068688,0.704795
0.412209,0.034962
0.104843,0.999176
0.461827,0.948790
0.634606,0.204738
0.535413,0.818135
0.919046,0.409595
0.265601,0.975313
0.963335,0.037473
0.669279,0.546863
0.135369,0.980129
0.008273,0.142710
0.419698,0.422221
0.933627,0.509110
0.102449,0.633760
0.676432,0.453288
0.528869,0.579012
0.591978,0.794247
0.926565,0.575344
0.575133,0.044904
0.495297,0.260128
0.756171,0.917443
0.860267,0.626696
0.692055,0.003594
0.173700,0.505656
0.763531,0.278220
0.613666,0.454345
0.269622,0.319901
0.960916,0.111886
0.706912,0.831158
0.766919,0.537638
0.892757,0.135785
0.490960,0.453513
0.888266,0.021273
0.967835,0.806044
0.959856,0.985119
0.788836,0.757559
0.839144,0.820761
0.775660,0.765667
0.035115,0.305067
0.208265,0.503877
0.522717,0.065006
0.493418,0.548377
0.443187,0.747413
0.961801,0.222445
0.234036,0.404703
0.760981,0.449507
0.829400,0.094293
0.717460,0.605043
0.622689,0.112717
0.951514,0.193001
0.825905,0.873348
0.969325,0.186290
0.127716,0.133240
0.264507,0.166859
0.039519,0.261966
0.655209,0.170386
0.869891,0.894439
0.611213,0.724161
0.356099,0.461825
0.007323,0.757962
0.066285,0.056597
0.690141,0.689467
0.838866,0.272111
0.565026,0.159561
0.371231,0.780783
0.840189,0.643247
0.059497,0.482721
0.616126,0.098791
0.634292,0.144443
0.750653,0.543986
0.465616,0.587382
0.735379,0.474669
0.744409,0.982964
0.865550,0.574336
0.204686,0.177456
0.078129,0.496009
0.298547,0.144153
0.289613,0.265015
0.890074,0.645686
0.213985,0.419216
0.107882,0.828437
0.051618,0.192419
0.382572,0.431621
0.687542,0.215112
0.474891,0.149309
0.399356,0.694459
0.169835,0.934250
0.151446,0.035148
0.594557,0.779433
0.236446,0.893263
0.414105,0.135542
0.571241,0.196594
0.958436,0.583392
0.009976,0.464846
0.604915,0.030025
0.095780,0.243395
0.333538,0.797941
0.965697,0.025997
0.461395,0.615336
0.089475,0.752635
0.034607,0.451471
0.160248,0.109157
0.540536,0.380675
0.041256,0.509316
0.884599,0.655086
0.495614,0.185638
0.024952,0.823627
0.316213,0.922049
0.773474,0.743482
0.792347,0.998794
0.110959,0.167184
0.807743,0.964413
0.473961,0.006289
0.256835,0.244878
0.053794,0.978371
0.825053,0.759576
0.293136,0.786518
0.902391,0.183667
0.144225,0.647946
0.015397,0.342321
0.214674,0.587713
0.755329,0.141916
0.732568,0.936519
0.730425,0.583341
0.305091,0.823293
0.797836,0.474460
0.180295,0.617024
0.208244,0.182632
0.641553,0.353122
0.094373,0.922949
0.470325,0.078903
0.465619,0.818341
0.720200,0.024106
0.970675,0.133937
0.948019,0.827161
0.359090,0.540050
0.111947,0.037055
0.105769,0.574972
0.110440,0.955083
0.537024,0.922187
0.090919,0.805423
0.540493,0.404603
0.757448,0.285536
0.606650,0.535861
0.413624,0.478969
0.427960,0.878808
0.980665,0.674465
0.126902,0.463609
0.999127,0.907855
0.500200,0.269234
0.456187,0.023636
0.749201,0.438322
0.657349,0.976422
0.976721,0.109535
0.032529,0.291576
0.846371,0.130629
0.437183,0.043612
0.403664,0.736977
0.764091,0.933290
0.768535,0.942388
0.201600,0.607929
0.730362,0.127858
0.197380,0.326035
0.230461,0.540332
0.509862,0.270419
0.944549,0.039073
0.157720,0.224001
0.965464,0.410218
0.274321,0.187492
0.714416,0.009728
0.065918,0.166500
0.743480,0.491668
0.938800,0.148384
0.014545,0.902662
0.001490,0.208137
0.217804,0.060960
0.018174,0.518997
0.248667,0.291691
0.714317,0.403306
0.239273,0.111230
0.004829,0.516158
0.571737,0.778145
0.999272,0.121318
0.119111,0.798321
0.023143,0.954945
0.850395,0.384483
0.752969,0.627776
0.820400,0.138864
0.494472,0.933819
0.742165,0.581972
0.531933,0.773334
0.726756,0.740013
0.617776,0.388205
0.541777,0.733055
0.300202,0.988992
0.950955,0.942803
0.866601,0.547613
0.480029,0.258013
0.244944,0.050662
0.921359,0.815936
0.972441,0.515050
0.684297,0.249041
0.118741,0.096781
0.835033,0.953092
0.082482,0.096121
0.882380,0.318341
0.662153,0.555296
0.369380,0.259138
0.501249,0.759230
0.962853,0.309046
0.972778,0.189113
0.259774,0.847864
0.012038,0.363019
0.323942,0.239174
0.412873,0.029971
0.321652,0.943450
0.607210,0.250383
0.582005,0.704054
0.863230,0.431942
0.148270,0.053669
0.058560,0.137948
0.881235,0.721018
0.810113,0.706340
0.539075,0.091602
0.506996,0.920651
0.652618,0.513339
0.596464,0.767058
0.968146,0.149292
0.890683,0.140738
0.530878,0.500797
0.070028,0.262080
0.324762,0.135943
0.227402,0.912743
0.637173,0.192653
0.311573,0.951035
0.222269,0.995746
0.017397,0.294659
0.159470,0.094701
0.771590,0.950418
0.551660,0.332016
0.548952,0.686619
0.938268,0.628342
0.786302,0.974553
0.345952,0.017899
0.665559,0.892254
0.114422,0.031707
0.464648,0.172893
0.055381,0.426471
0.023532,0.085253
0.561558,0.522372
0.458281,0.029625
0.723406,0.745638
0.175781,0.983609
0.127152,0.735008
0.925230,0.427216
0.350847,0.125093
0.654864,0.264492
0.532352,0.374261
0.497758,0.429383
0.751430,0.224388
0.814897,0.891205
0.913446,0.753919
0.312057,0.725406
0.970645,0.305462
0.177704,0.144327
0.439806,0.987576
0.852130,0.299846
0.825217,0.025153
0.622039,0.332896
0.006844,0.499221
0.743522,0.625922
0.204958,0.731889
0.491818,0.148901
0.234878,0.558334
0.421856,0.491169
0.409832,0.169077
0.940201,0.756862
0.749453,0.126218
0.458847,0.952714
0.394241,0.986866
0.509388,0.847304
0.703592,0.387427
0.351082,0.698790
0.400189,0.152643
0.130022,0.983565
0.956393,0.621401
0.441930,0.997790
0.852301,0.441998
0.856259,0.269562
0.623545,0.473305
0.829869,0.662391
0.578181,0.639112
0.361606,0.036499
0.974967,0.108853
0.510260,0.500599
0.483373,0.301337
0.145574,0.235293
0.864094,0.811695
0.307600,0.307239
0.419276,0.738921
0.378404,0.152360
0.110463,0.086881
0.790630,0.432824
0.252778,0.738255
0.356280,0.356917
0.574832,0.172068
0.969897,0.659925
0.276412,0.283055
0.818360,0.766415
0.101075,0.710257
0.493058,0.195565
0.550431,0.531196
0.463599,0.002521
0.668690,0.233502
0.225347,0.677168
0.788955,0.500443
0.864000,0.806292
0.724016,0.528235
0.277227,0.801371
0.536840,0.993072
0.405152,0.866171
0.018287,0.846742
0.816559,0.992963
0.181745,0.160998
0.878163,0.311002
0.656512,0.278966
0.802147,0.186488
0.863190,0.118464
0.401449,0.310955
0.743974,0.527893
0.004191,0.945968
0.496671,0.100480
0.729981,0.872295
0.385051,0.987454
0.202636,0.062482
0.698867,0.105035
0.446722,0.828072
0.622898,0.912419
0.049499,0.089465
0.276022,0.938358
0.209857,0.918984
0.474844,0.116776
0.106938,0.689859
0.747539,0.589694
0.466635,0.652232
0.414941,0.780674
0.104962,0.630341
0.387954,0.927313
0.760560,0.939907
0.683743,0.616839
0.751256,0.050929
0.507327,0.098522
0.648014,0.845401
0.636133,0.821476
0.328657,0.364659
0.009426,0.120480
0.206033,0.437550
0.223457,0.530109
0.706169,0.022634
0.922624,0.558112
0.675996,0.837121
0.522586,0.003463
0.137602,0.467982
0.760453,0.715059
0.467948,0.945493
0.105784,0.027490
0.690259,0.111068
0.615569,0.975948
0.154629,0.893757
0.676846,0.879115
0.588079,0.987844
0.251314,0.490410
0.120614,0.197965
0.338848,0.226685
0.447409,0.419225
0.863291,0.899670
0.006974,0.798269
0.547030,0.673736
0.716318,0.366336
0.351898,0.867132
0.500501,0.014730
0.651332,0.669130
0.293160,0.798403
0.134953,0.876339
0.964009,0.162269
0.824241,0.390703
0.038051,0.993314
0.602465,0.763418
0.551486,0.846916
0.259582,0.666382
0.019923,0.800847
0.682240,0.356507
0.436931,0.690094
0.245908,0.849704
0.914391,0.364677
0.748568,0.877472
0.142038,0.321854
0.735800,0.838730
0.894649,0.823451
0.388395,0.004412
0.927744,0.217586
0.363979,0.979225
0.954991,0.648778
0.766844,0.892788
0.156541,0.848535
0.702816,0.694838
0.620003,0.865703
0.577887,0.288558
0.855279,0.503389
0.220391,0.010219
0.912875,0.738590
0.600687,0.809490
0.814047,0.316393
0.228633,0.147360
0.368301,0.071268
0.476271,0.364728
0.807543,0.550050
0.388135,0.290802
0.712915,0.245068
0.667747,0.935718
0.862502,0.232673
0.549951,0.093472
0.325852,0.820185
0.880464,0.276137
0.498669,0.259577
0.993625,0.490584
0.820263,0.585208
0.424486,0.959156
0.320057,0.246782
0.336960,0.744460
0.914394,0.111167
0.546009,0.076360
0.449040,0.492679
0.807180,0.133986
0.592275,0.765077
0.497751,0.098462
0.362281,0.154764
0.854082,0.639492
0.762427,0.812098
0.461860,0.227083
0.383352,0.153508
0.786768,0.435132
0.738146,0.990775
0.771702,0.422852
0.462576,0.141346
0.358103,0.441543
0.027316,0.203574
0.826910,0.463845
0.361654,0.805509
0.754699,0.480684
0.994908,0.752638
0.481154,0.722660
0.216513,0.486676
0.306896,0.228271
0.015946,0.185712
0.442300,0.821338
0.840537,0.503255
0.324318,0.459019
0.181068,0.049811
0.562622,0.332331
0.770578,0.394427
0.528077,0.981265
0.893503,0.185936
0.516194,0.300257
0.045693,0.416619
0.250672,0.010286
0.652703,0.377247
0.206874,0.478235
0.067598,0.834835
0.206527,0.338257
0.726629,0.966895
0.400887,0.417569
0.138363,0.603742
0.217888,0.529014
0.722036,0.835896
0.607381,0.406437
0.671822,0.030210
0.263246,0.918523
0.523316,0.393384
0.679423,0.176365
0.693922,0.780172
0.777421,0.259708
0.346853,0.025399
0.524826,0.834244
0.772003,0.474265
0.577711,0.742204
0.956993,0.327372
0.853754,0.429064
0.257372,0.008835
0.191852,0.656238
0.321669,0.450232
0.736745,0.500192
